144757,5,Malacates,07119,9
144758,5,Veronica Castro,07140,9
144759,5,Arboledas De Cuautepec,07140,9
144760,5,La Forestal 1,07140,9
144761,5,La Forestal 2,07144,9
144762,5,15 De Septiembre(La Lengueta),07149,9
144763,5,Lomas De Cuautepec,07110,9
144764,5,Parque Metropolitano,07149,9
144765,5,La Forestal,07140,9
144766,5,Parque Nacional(Forestal 3),07149,9
144767,5,Cuautepec El Alto,07100,9
144768,5,Compositores Mexicanos,07130,9
144769,5,Juventino Rosas,07150,9
144770,5,Tepetatal,07130,9
144771,5,La Casilda,07150,9
144772,5,San Antonio,07109,9
144773,5,San Miguel Cuautepec,07100,9
144774,5,Luis Donaldo Colosio,07164,9
144775,5,Prados De Cuautepec,07164,9
144776,5,Quetzalcoatl 3,07164,9
144777,5,Tlacaelel,07164,9
144778,5,Loma De La Palma,07160,9
144779,5,20 De Noviembre,07180,9
144780,5,General Felipe Berriozabal,07180,9
144781,5,Tlalpexco,07188,9
144782,5,Palmatitla,07170,9
144783,5,Valle De Madero,07190,9
144784,5,Chalma De Guadalupe,07210,9
144785,5,Graciano Sanchez,07164,9
144786,5,Jorge Obispo Hernandez,07164,9
144787,5,Cuautepec De Madero,07200,9
144788,5,6 De Junio,07183,9
144789,5,Vista Hermosa,07187,9
144790,5,Cocoyotes,07180,9
144791,5,Ahuehuetes,07189,9
144792,5,Jaime S Emiliano G,07170,9
144793,5,5 De Mayo,07200,9
144794,5,Castillo Chico,07220,9
144795,5,El Carmen,07199,9
144796,5,Del Bosque,07207,9
144797,5,Villas De Cuautepec,07200,9
144798,5,Castillo Grande,07220,9
144799,5,Guadalupe Victoria,07209,9
144800,5,El Arbolillo,07240,9
144801,5,Zona Escolar Oriente,07239,9
144802,5,Zona Escolar,07230,9
144803,5,Benito Juarez,07259,9
144804,5,La Pastora,07290,9
144805,5,El Arbolillo 2,07249,9
144806,5,El Arbolillo 3,07249,9
144807,5,Tonaca Cuautitlan,07248,9
144808,5,Aidee Solis Cardenas,07248,9
144809,5,Matias Romero Zona Norte,07248,9
144810,5,Matias Romero Zona Sur,07248,9
144811,5,Mexicuizapan,07248,9
144812,5,Tablas De Santa Teresa(U Hab Orquideas),07248,9
144813,5,Luis E Rodriguez Orozco,07239,9
144814,5,Luis Enrique Rodriguez Orozco,07239,9
144815,5,Jorge Negrete,07280,9
144816,5,El Arbolillo 1,07269,9
144817,5,Solidaridad Nacional,07268,9
144818,5,Bugambilias De Ticoman,07280,9
144819,5,Mosaiquera,07280,9
144820,5,Sedena,07240,9
144821,5,Ticoman,07280,9
144822,5,Acueducto De Guadalupe,07279,9
144823,5,La Candelaria Ticoman,07310,9
144824,5,San Juan Y Guadalupe Ticoman,07350,9
144825,5,Santa Maria Ticoman,07330,9
144826,5,Residencial Acueducto,07310,9
144827,5,Modular De Acueducto,07279,9
144828,5,San Jose De La Escalera,07630,9
144829,5,Santa Rosa,07620,9
144830,5,Santiago Atepetlac,07640,9
144831,5,Guadalupe Proletaria,07670,9
144832,5,Los Remedios,07670,9
144833,5,Progreso Nacional,07600,9
144834,5,Santiaguito 75,07271,9
144835,5,Detrac Heberto Castillo,07700,9
144836,5,Hectometro Vallejo,07710,9
144837,5,La Esperanza,07700,9
144838,5,Margaritas 2000,07700,9
144839,5,Mexico Nuevo(100 Metros),07710,9
144840,5,Nueva Industrial Vallejo,07700,9
144841,5,Rdcial Margarita Maza,07700,9
144842,5,Secretaria De Comunicaciones Y Transportes,07700,9
144843,5,Terrazas Lindavista Residencial,07700,9
144844,5,Patera Vallejo,07710,9
144845,5,Siete Maravillas,07707,9
144846,5,Torres Lindavista,07708,9
144847,5,Costas Del Mediterraneo,07708,9
144848,5,Futurama Oasis,07708,9
144849,5,Residencial Elite,07707,9
144850,5,Bosques La Salle,07707,9
144851,5,La Salle,07707,9
144852,5,Jardines Del Mediterraneo Ii,07320,9
144853,5,La Purisima Ticoman,07320,9
144854,5,Jardines Del Mediterraneo,07320,9
144855,5,San Bernardino Ticoman I,07320,9
144856,5,Sutic Vallejo,07320,9
144857,5,Infonavit,07320,9
144858,5,Ticoman I,07320,9
144859,5,Ticoman Ii,07320,9
144860,5,San Pedro Zacatenco,07360,9
144861,5,San Rafael Ticoman,07359,9
144862,5,Fovissste Ticoman,07340,9
144863,5,La Laguna Ticoman,07340,9
144864,5,Pemex La Laguna,07340,9
144865,5,Zacatenco Lindavista,07340,9
144866,5,Arroyo De Guadalupe,07320,9
144867,5,Residencial Florencia,07320,9
144868,5,Residencial La Escalera,07320,9
144869,5,Sierravista,07320,9
144870,5,Mediterrane I,07708,9
144871,5,Mediterrane Ii,07708,9
144872,5,Profesional Adolfo Lopez Mateos,07738,9
144873,5,Condomodulos,07710,9
144874,5,Pemex Lindavista,07320,9
144875,5,Futurama,07320,9
144876,5,Lindavista,07320,9
144877,5,Residencial Niza,07320,9
144878,5,Fovissste Arroyo De Zacatenco,07320,9
144879,5,San Jose Ticoman,07340,9
144880,5,Zacatenco,07340,9
144881,5,Lindavista Norte,07320,9
144882,5,Invi Ticoman,07340,9
144883,5,Joyas De Vallejo,07620,9
144884,5,Planetario Lindavista,07739,9
144885,5,San Bartolo Atepehuacan,07730,9
144886,5,Luis Enrique Erro,07730,9
144887,5,Montevideo,07730,9
144888,5,Valle Del Tepeyac,07740,9
144889,5,Industrial,07800,9
144890,5,Tepeyac Insurgentes,07020,9
144891,5,Aragon La Villa (Aragon),07000,9
144892,5,Estrella,07810,9
144893,5,Malintzin,07700,9
144894,5,Guadalupe Insurgentes,07870,9
144895,5,Guadalupe Tepeyac,07840,9
144896,5,Sara,07840,9
144897,5,Vallejo,07870,9
144898,5,7 De Noviembre,07840,9
144899,5,Aragon Inguaran,07820,9
144900,5,Gertrudis Sanchez 1A Seccion,07830,9
144901,5,Emiliano Zapata,07858,9
144902,5,Faja De Oro,07850,9
144903,5,Martires De Rio Blanco,07880,9
144904,5,Bondojito,07850,9
144905,5,Invi-Cdmx,07850,9
144906,5,Tablas De San Agustin,07860,9
144907,5,Torres De San Agustin,07850,9
144908,5,La Joyita,07860,9
144909,5,Belisario Dominguez,07869,9
144910,5,Cuchilla La Joya,07890,9
144911,5,La Joya,07890,9
144912,5,Residencial Zacatenco,07369,9
144913,5,Vistas De Acueducto,07360,9
144914,5,Ctm Atzacoalco,07090,9
144915,5,Ctm El Risco,07090,9
144916,5,Gabriel Hernandez,07089,9
144917,5,Santa Isabel Tola,07010,9
144918,5,Juan De Dios Batiz,07360,9
144919,5,San Jose De La Pradera,07080,9
144920,5,La Cruz,07070,9
144921,5,Triunfo De La Republica,07060,9
144922,5,La Dinamita,07070,9
144923,5,Estanzuela,07060,9
144924,5,Rosas Del Tepeyac,07010,9
144925,5,Tepetates,07010,9
144926,5,Martin Carrera,07070,9
144927,5,Lomas De San Juan Ixhuatepec (2A Seccion),07360,9
144928,5,Villa Gustavo A Madero,07050,9
144929,5,Asociacion De Vecinos De Martin Carrera,07070,9
144930,5,15 De Agosto,07058,9
144931,5,Carlos Bobadilla,07050,9
144932,5,Lindavista Vallejo,07720,9
144933,5,Nueva Vallejo,07750,9
144934,5,Churubusco Tepeyac,07730,9
144935,5,Magdalena De Las Salinas,07760,9
144936,5,Panamericana,07770,9
144937,5,Defensores De La Republica,07780,9
144938,5,Maximino Avila Camacho,07380,9
144939,5,Tlacamaca,07380,9
144940,5,Capultitlan,07370,9
144941,5,Potrero,07370,9
144942,5,Guadalupe Victoria Ii,07790,9
144943,5,Heroe De Nacozari,07780,9
144944,5,Vallejo Poniente,07790,9
144945,5,Francisco Moreno,07790,9
144946,5,Revolucion Imss,07760,9
144947,5,Constitucion De La Republica,07469,9
144948,5,Atzacoalco 1,07469,9
144949,5,Diconsa,07469,9
144950,5,Zen,07469,9
144951,5,Granjas Modernas,07460,9
144952,5,San Juan De Aragon,07470,9
144953,5,Tres Estrellas,07820,9
144954,15,Atlampa,06450,9
144955,15,Santa Maria Insurgentes,06430,9
144956,15,San Simon Tolnahuac,06920,9
144957,15,Tlatelolco,06900,9
144958,15,Peralvillo,06220,9
144959,15,Ex Hipodromo De Peralvillo,06250,9
144960,15,Maza,06270,9
144961,15,Valle Gomez,06240,9
144962,15,Felipe Pescador,06280,9
144963,15,Morelos,06200,9
144964,15,Centro,06000,9
144965,2,Aguilera,02900,9
144966,2,Aldana,02910,9
144967,2,Liberacion,02930,9
144968,2,Porvenir,02940,9
144969,2,Del Gas,02950,9
144970,2,Cosmopolita,02920,9
144971,2,Ignacio Allende,02810,9
144972,2,Victoria De Las Democracias,02810,9
144973,2,Hogar Y Seguridad,02820,9
144974,2,Patrimonio Familiar,02980,9
144975,2,San Francisco Xocotitla,02960,9
144976,2,Arenal,02980,9
144977,2,La Raza,02990,9
144978,2,Ampliacion Del Gas,02970,9
144979,2,Tres Lagos,02970,9
144980,2,Tlatilco,02860,9
144981,2,Nueva Santa Maria,02800,9
144982,2,San Bernabe,02830,9
144983,2,Obrero Popular,02840,9
144984,2,Cobre De Mexico,02840,9
144985,2,45 Aniversario,02800,9
144986,2,San Salvador Xochimanca,02870,9
144987,2,Ferreria,02230,9
144988,2,Santa Barbara,02230,9
144989,2,Reynosa Tamaulipas,02200,9
144990,2,Techiayotl,02200,9
144991,2,San Andres,02240,9
144992,2,Santa Catarina,02250,9
144993,2,Hacienda De Guadalupe,02240,9
144994,2,San Marcos,02020,9
144995,2,Nuevo Barrio San Rafael,02010,9
144996,2,Santo Tomas,02020,9
144997,2,El Jaguey,02519,9
144998,2,Estacion Pantaco,02520,9
144999,2,Pantaco,02510,9
145000,2,Los Reyes,02010,9
145001,2,Del Maestro,02040,9
145002,2,Centro De Azcapotzalco (Col Villa Azcapotzalco),02000,9
145003,2,San Rafael,02010,9
145004,2,San Mateo,02490,9
145005,2,Santo Domingo,02160,9
145006,2,San Sebastian,02040,9
145007,2,Santa Maria Malinalco,02050,9
145008,2,Libertad,02050,9
145009,2,Jardin Azpeitia,02530,9
145010,2,Un Hogar Para Cada Trabajador,02060,9
145011,2,Sindicato Mexicano De Electricistas,02060,9
145012,2,Fuentes De Azcapotzalco,02070,9
145013,2,Nextengo,02070,9
145014,2,Parques De Azcapotzalco,02070,9
145015,2,San Francisco Tetecala,02730,9
145016,2,Del Recreo,02070,9
145017,2,Cuitlahuac,02500,9
145018,2,Hogares Ferrocarrileros,02540,9
145019,2,Nueva Cuitlahuac,02500,9
145020,2,Sector Naval,02080,9
145021,2,Claveria,02080,9
145022,2,Alianza Tranviaria De Mexico,02070,9
145023,2,Angel Zimbron,02099,9
145024,2,San Alvaro,02090,9
145025,2,El Rosario,02100,9
145026,2,El Rosario Croc Vi Olimpia,02100,9
145027,2,El Rosario Croc Viii,02100,9
145028,2,El Rosario Croc Vi Oyameles,02100,9
145029,2,Manuel Rivera Anaya Croc I,02109,9
145030,2,Ecologica Novedades Impacto,02110,9
145031,2,San Martin Xochinahuac,02120,9
145032,2,San Pablo Xalpa,02110,9
145033,2,Ing Aquiles Cordova Moran,02130,9
145034,2,Trabajadores De Pemex,02419,9
145035,2,Prados Del Rosario,02410,9
145036,2,San Pablo Xalpa 396,02120,9
145037,2,Tepantongo Cruz Roja,02127,9
145038,2,Nueva El Rosario,02128,9
145039,2,Nueva Espa�a,02129,9
145040,2,Tierra Nueva,02130,9
145041,2,Francisco Villa,02420,9
145042,2,Presidente Madero,02430,9
145043,2,Ex-Hacienda El Rosario,02420,9
145044,2,Azcapotzalco 2000,02420,9
145045,2,Pasteros,02150,9
145046,2,Santa Ines,02140,9
145047,2,Quinta Seccion De Tlatelolco,02140,9
145048,2,Miguel Hidalgo,02450,9
145049,2,San Juan Tlihuaca,02400,9
145050,2,Providencia,02440,9
145051,2,Tezozomoc,02459,9
145052,2,Las Trancas,02450,9
145053,2,Villas Azcapotzalco,02169,9
145054,2,La Preciosa,02460,9
145055,2,Petrolera,02480,9
145056,2,Rosendo Salazar (Conjunto Rosendo Salazar),02400,9
145057,2,San Bartolo Cahualtongo,02720,9
145058,2,Ampliacion Petrolera,02470,9
145059,2,Santa Apolonia,02790,9
145060,2,Alcazar San Isidro,02760,9
145061,2,Centeotl,02760,9
145062,2,Santa Lucia,02760,9
145063,2,San Isidro,02720,9
145064,2,San Pedro Xalpa,02710,9
145065,2,Ampliacion San Pedro Xalpa,02719,9
145066,2,Santiago Ahuizotla,02750,9
145067,2,La Providencia,02440,9
145068,2,San Miguel Amantla,02700,9
145069,2,Santa Cruz Acayucan,02770,9
145070,2,Nextengo 73,02790,9
145071,2,Nextengo Ii,02790,9
145072,2,Plenitud,02780,9
145073,2,El Naranjo,02700,9
145074,2,Issfam Las Armas,02710,9
145075,2,Xochinahuac,02125,9
145076,2,Culturas Universales,02120,9
145077,2,Huautla De Las Salinas,02330,9
145078,2,Industrial Vallejo,02300,9
145079,2,Las Salinas,02360,9
145080,2,Euzkadi,02660,9
145081,2,Jardines De Ceylan,02350,9
145082,2,Coltongo,02630,9
145083,2,San Andres De Las Salinas,02320,9
145084,2,Santa Cruz De Las Salinas,02340,9
145085,2,Monte Alto,02640,9
145086,2,Pro Hogar,02600,9
145087,2,Trabajadores Del Hierro,02650,9
145088,2,Potrero Del Llano,02680,9
145089,7,Constitucion De 1917,09260,9
145090,7,Colonial Iztapalapa,09270,9
145091,7,Jacarandas,09280,9
145092,7,Santa Cruz Meyehualco,09290,9
145093,7,Genaro Estrada,09280,9
145094,7,La Era,09720,9
145095,7,Los Angeles Apanoaya,09710,9
145096,7,Ola Verde,09710,9
145097,7,Las Palmas,09710,9
145098,7,Nueva Aztlan,09710,9
145099,7,Paraje San Juan Joya,09839,9
145100,7,Stunam,09710,9
145101,7,Las Pe�as,09750,9
145102,7,Morelos Ii,09750,9
145103,7,Los Angeles,09720,9
145104,7,Presidentes De Mexico,09740,9
145105,7,Vergel Sta Cruz,09750,9
145106,7,Carlos Hank Gonzalez,09760,9
145107,7,Desarrollo Urbano Quetzalcoatl,09700,9
145108,7,Lomas De Santa Cruz Meyehualco,09700,9
145109,7,Insurgentes,09750,9
145110,7,Jaime Nuno,09750,9
145111,7,La Selva,09740,9
145112,7,Presidente,09740,9
145113,7,Presidentes  Ii,09740,9
145114,7,Real La Joya,09740,9
145115,7,Taxistas,09740,9
145116,7,Cerro De La Estrella,09860,9
145117,7,Lomas De San Lorenzo,09780,9
145118,7,San Nicolas Tolentino,09860,9
145119,7,Puente Blanco,09770,9
145120,7,Fase Ii,09760,9
145121,7,Consejo Agrarista Mexicano,09760,9
145122,7,Amor Y Amistad,09760,9
145123,7,Espuma Chamizal,09760,9
145124,7,La Torre,09760,9
145125,7,Opalo,09760,9
145126,7,Opus Iii,09760,9
145127,7,Estelar El Retiro,09760,9
145128,7,Galaxia Tezozomoc Ii,09760,9
145129,7,Quetzalcoatl,09700,9
145130,7,Mixcoatl,09708,9
145131,7,Cedros,09760,9
145132,7,Moras San Nicolas,09760,9
145133,7,San Francisco,09760,9
145134,7,Del Valle,09760,9
145135,7,Villas Iztapalapa,09860,9
145136,7,El Vergel,09880,9
145137,7,Villas Del Vergel,09880,9
145138,7,Lomas Estrella 2A Secc,09890,9
145139,7,Monarca,09890,9
145140,7,A�o De Juarez,09780,9
145141,7,Zaragoza,09780,9
145142,7,El Tesoro,09780,9
145143,7,El Triangulo,09769,9
145144,7,La Polvorilla,09750,9
145145,7,Arboledas,13319,9
145146,7,Patria Y Libertad,09750,9
145147,7,Predio El Triangulo,09769,9
145148,7,Ruben Jaramillo,09700,9
145149,7,Santa Cruz Vi,13210,9
145150,7,Santa Cruz Vii,13210,9
145151,7,Alheli Infonavit,09780,9
145152,7,El Arbol,09780,9
145153,7,El Arbol Fividesu,09780,9
145154,7,El Arbol Fovissste,09780,9
145155,7,Juarez,09780,9
145156,7,San Lorenzo Tezonco,09790,9
145157,7,Plaza Estrella Uno,09780,9
145158,7,Mirasoles,09900,9
145159,7,Chinampas De Santa Maria Tomatlan,09880,9
145160,7,Militar El Vergel,09880,9
145161,7,Triangulo De Las Agujas Ii,09880,9
145162,7,Nalen,09890,9
145163,7,Las Arboledas,13219,9
145164,7,Panteon De San Lorenzo,09780,9
145165,7,Predio La Mina,09780,9
145166,7,Acapatzingo,09750,9
145167,7,La Estacion,13319,9
145168,7,Polvorilla,09750,9
145169,7,Union De Colonos 26 De Julio,09750,9
145170,7,Guadalupe,09900,9
145171,7,Jose Lopez Portillo,09920,9
145172,7,Valle De San Lorenzo,09970,9
145173,7,El Molino,09960,9
145174,7,Cananea,09960,9
145175,7,El Parque,09960,9
145176,7,La Planta,09960,9
145177,7,San Lorenzo,09960,9
145178,7,Jardines De San Lorenzo,09940,9
145179,7,Carmen Serdan,09970,9
145180,7,Zacalli,09890,9
145181,7,Uscovi,09960,9
145182,7,Ce Cualli Ohtli,09960,9
145183,7,Huasipungo,09960,9
145184,7,Nueva Generacion,09960,9
145185,7,Tlanezi  Calli,09960,9
145186,7,Allepetlali,09960,9
145187,7,Campamento Patria Libre,09960,9
145188,7,F P F V (Mz 25),09960,9
145189,7,F P F V (Predio El Molino),09960,9
145190,7,Moyocoyani,09960,9
145191,7,Na Hal Ti,09960,9
145192,7,Tlaltenco,09960,9
145193,7,Rinconada El Molino,09960,9
145194,12,Residencial Insurgentes Sur I,14000,9
145195,12,Residencial Insurgentes Sur Ii,14000,9
145196,12,Tlalcoligia,14430,9
145197,12,Chimalcoyotl,14630,9
145198,12,El Truenito,14430,9
145199,12,Pedregal De Sta Ursula Xitla,14438,9
145200,12,Santa Ursula Xitla,14440,9
145201,12,Los Volcanes,14440,9
145202,12,Pedregal De Las Aguilas,14439,9
145203,12,San Pedro Martir,14650,9
145204,12,Mirador 1A Secc,14449,9
145205,12,Mirador 2A Secc,14449,9
145206,12,Cuilotepec Ii,14730,9
145207,12,Lomas De Cuilotepec,14730,9
145208,12,Los Resumideros,14248,9
145209,12,San Nicolas Ii,14739,9
145210,12,Solidaridad,14738,9
145211,12,Vistas Del Pedregal,14737,9
145212,12,Belvedere,14720,9
145213,12,Belvedere De Eslava,14720,9
145214,12,Chimilli,14749,9
145215,12,Mirador I,14748,9
145216,12,Mirador Ii,14748,9
145217,12,Atocpa Sur,14460,9
145218,12,Tlalmille,14657,9
145219,12,Tlalpuente,14460,9
145220,12,Paraje Tetenco,14420,9
145221,12,San Andres Totoltepec,14400,9
145222,12,Ejidos De San Pedro Martir,14640,9
145223,12,Club De Golf Mexico,14620,9
145224,12,Juventud Unida,14648,9
145225,12,Azaleas,14600,9
145226,12,Bugambilias,14600,9
145227,12,Fuentes De La Joya,14648,9
145228,12,Margaritas,14600,9
145229,12,Valle Escondido,14600,9
145230,12,Bosques De Tepepan,14648,9
145231,12,Del Mirador,14648,9
145232,12,Fuentes De Tepepan,14648,9
145233,12,Fuentes De Tepepan(La Tortuga Xolalpa),14649,9
145234,12,Movimiento Organizado De Tlalpan,14647,9
145235,12,Pedregal De Tepepan,14648,9
145236,12,Valle De Tepepan,14646,9
145237,12,Hco Colegio Militar San Pedro Martir,14651,9
145238,12,San Blas I,14646,9
145239,12,La Palma,14405,9
145240,12,Lomas De Texcalatlaco,14470,9
145241,12,Mirador Del Colibri,14400,9
145242,12,Plan De Ayala,14470,9
145243,12,San Miguel Xicalco,14490,9
145244,12,Viveros De Coactetlan,14479,9
145245,12,Viveros De Coactetlan 2A Secc,14479,9
145246,12,Ampliacion Oriente Tlalpan,14400,9
145247,12,Devisadero,14400,9
145248,12,La Palma 2A,14476,9
145249,12,La Presa,14400,9
145250,12,Vistas Del Valle,14404,9
145251,12,Paraje El Rancho,14400,9
145252,12,Cuevitas,14476,9
145253,12,Ma Esther Zuno De Echeverria (Mirador Del Valle),14659,9
145254,12,Xitle,14400,9
145255,12,San Buenaventura,14629,9
145256,12,La Magdalena Petlacalco,14480,9
145257,12,San Miguel Ajusco,14700,9
145258,12,Ocotla,14500,9
145259,12,3 De Mayo,14470,9
145260,12,Altos Tepetlica,14470,9
145261,12,Lomas De Tepuente,14490,9
145262,12,Tepetlica El Alto,14470,9
145263,12,Los Encinos Pedregal,14500,9
145264,12,Pedregal De Aminco,14500,9
145265,12,San Miguel Topilejo,14500,9
145266,12,El Arenal Tlalhuecapa,14500,9
145267,12,Guadalupe El Arenal,14500,9
145268,12,Calvario,14500,9
145269,12,Las Flores,14500,9
145270,12,Tezontitla,14500,9
145271,12,Achichipisco,14500,9
145272,12,Ahuacatitla,14500,9
145273,12,Ayometitla,14500,9
145274,12,El Oyamello,14500,9
145275,12,Estrella Mora,14500,9
145276,12,La Venta,14700,9
145277,12,Las Granjas,14500,9
145278,12,Lomas Del Capulin,14500,9
145279,12,Ocotla Chico,14500,9
145280,12,Paraje Cebadillas,14500,9
145281,12,Paraje Tlalmenelolpa,14500,9
145282,12,San Miguel Tehuisco,14500,9
145283,12,San Miguel Toxiac,14500,9
145284,12,Santa Ana,14500,9
145285,12,Tepacheras,14500,9
145286,12,Tlaltepancaltitla,14500,9
145287,12,Xilinimoco,14500,9
145288,12,La Guadalupana,14500,9
145289,12,Los Arcos,14500,9
145290,12,U Hab Hueytlalpan,14500,9
145291,12,Ixtlahuaca,14500,9
145292,12,La Asuncion,14500,9
145293,12,Xaxalco 2,14500,9
145294,12,Xaxalipac,14500,9
145295,12,Copanahuasco Zacatonco,14500,9
145296,12,La Mora,16900,9
145297,12,Santa Cruz,14500,9
145298,12,El Conejo,14700,9
145299,12,La Gloria,14700,9
145300,12,La Herradura,14700,9
145301,12,Oyamel,14700,9
145302,12,El Charco,14700,9
145303,12,Nopatitla,14700,9
145304,12,Piedra Suelta,14710,9
145305,12,Santo Tomas Ajusco,14710,9
145306,12,Prados Ajusco,14710,9
145307,12,Tequimila,14710,9
145308,12,El Cedral,14710,9
145309,12,El Cerrito,14710,9
145310,12,Ex-Finca La Venta,14700,9
145311,12,Jardines De San Juan,14700,9
145312,12,La Magueyera,14700,9
145313,12,La Pedrera,14500,9
145314,12,La Quinta,14700,9
145315,12,La Venta Santana,14700,9
145316,12,Llano La Faja,14700,9
145317,12,Loloigque,14700,9
145318,12,Tlapancos,14710,9
145319,12,Venta La Joya,14700,9
145320,12,Acazacatongo,14710,9
145321,12,Ahuayoto,14710,9
145322,12,Apapaxtles,14710,9
145323,12,Arcoiris,14710,9
145324,12,Cercatenco,14710,9
145325,12,Pepetloxotla,14710,9
145326,12,San Juan,14710,9
145327,12,Tlapexco,14710,9
145328,12,Xomulco,14710,9
145329,12,Parres El Guarda,14900,9
145330,12,Ejidos De Heroes 1910,14760,9
145331,12,Ejidos De San Andres Totoltepec,14760,9
145332,12,Heroes De 1910,14760,9
145333,12,La Rufina,14710,9
145334,12,Lomas De Tepemecatl,14700,9
145335,12,Arenal De Tepepan,14610,9
145336,12,Aralia Residencial,14640,9
145337,12,In Aralia,14640,9
145338,12,Las Tortolas,14609,9
145339,12,Isssfam,14650,9
145340,12,Villa Tlalpan,14630,9
145341,12,Punta Sur,14090,9
145342,12,Diamantinos,14630,9
145343,12,Jardines Tlalpan,14630,9
145344,12,Fovissste San Pedro Martir,14650,9
145345,12,Agave,14650,9
145346,12,Club De Golf,14620,9
145347,12,Tlalpan Huapango,14650,9
145348,12,Dolores Tlali,14654,9
145349,12,El Diamante,14654,9
145350,12,Valle Verde,14654,9
145351,12,Colinas Del Bosque,14608,9
145352,12,Arbolada Tepepan,14600,9
145353,12,La  Joyita,14400,9
145354,12,Tecorral,14409,9
145355,12,Zacatienda,14409,9
145356,12,El Divisadero,14408,9
145357,12,Nuevo Renacimiento De Axalco,14408,9
145358,12,Oriente,14408,9
145359,12,Progreso De Tlalpan,14404,9
145360,13,Santa Maria Tepepan,16020,9
145361,13,Bosque Residencial Del Sur,16010,9
145362,13,San Bartolo El Chico,16010,9
145363,13,San Lorenzo La Cebada,16018,9
145364,13,18,16034,9
145365,13,Amelaco,16038,9
145366,13,Anahuac,16034,9
145367,13,Atlilpa,16038,9
145368,13,Aztlan Los Apaches,16034,9
145369,13,Cruztitla,16038,9
145370,13,"Pje Toltenco 4Ta, 5Ta Y 6Ta Seccion",16000,9
145371,13,Pje Toltenco 7A Seccion,16000,9
145372,13,Pje Toltenco 8A Seccion,16000,9
145373,13,Toltenco,16038,9
145374,13,"Toltenco, 9A Secc",16038,9
145375,13,La Concepcion Tlacoapa,16600,9
145376,13,El Ranchito,16038,9
145377,13,Laguna Del Toro,16038,9
145378,13,Division Del Norte,16038,9
145379,13,Amalacachico,16038,9
145380,13,Ampl San Marcos El Ranchito,16038,9
145381,13,Arcos Del Sur,16010,9
145382,13,La Cebada,16010,9
145383,13,Prados Del Sur,16010,9
145384,13,Bosques Del Sur,16010,9
145385,13,Misiones De La Noria,16020,9
145386,13,Potrero De La Noria,16010,9
145387,13,San Juan Tepepan,16020,9
145388,13,Aldama,16010,9
145389,13,Bosques Residencial Cipres,16010,9
145390,13,San Blas 2,16029,9
145391,13,Santa Cruz Xochitepec,16100,9
145392,13,Tepepan,16029,9
145393,13,Rinconada Tepepan,16020,9
145394,13,San Jeronimo,16020,9
145395,13,Xochitepec 15,16020,9
145396,13,Jardines De La Noria,16030,9
145397,13,La Noria,16030,9
145398,13,La Noria Poniente,16030,9
145399,13,San Jose De Las Peritas,16010,9
145400,13,Potrero De San Bernardino,16030,9
145401,13,La Guadalupita,16070,9
145402,13,San Diego,16080,9
145403,13,San Esteban,16080,9
145404,13,Santa Crucita,16070,9
145405,13,Belem,16070,9
145406,13,Huichapan,16030,9
145407,13,La Concha,16210,9
145408,13,La Enramada,16030,9
145409,13,La Noria Tepepan,16030,9
145410,13,Residencial Santiago,16050,9
145411,13,Rinconada Del Sur,16050,9
145412,13,Villa De La Noria,16030,9
145413,13,Acueducto Xochimilco,16030,9
145414,13,Cantaros,16030,9
145415,13,La Galvia,16030,9
145416,13,Villa Xochimilco,16030,9
145417,13,El Mirador,16060,9
145418,13,Acoca,16200,9
145419,13,Moyocalco,16200,9
145420,13,Santiago Tepalcatlalpan,16200,9
145421,13,Jardines Del Sur,16050,9
145422,13,Las Gargolas,16040,9
145423,13,San Pedro,16090,9
145424,13,Villas Del Mediterraneo,16050,9
145425,13,Arcada,16300,9
145426,13,Geranios,16300,9
145427,13,Maiz,16300,9
145428,13,Redencion,16300,9
145429,13,Redencion 180,16300,9
145430,13,Redencion 190,16300,9
145431,13,San Lucas Xochimanca,16300,9
145432,13,U Hab Rincon Bonito,16300,9
145433,13,Villas De Xochimilco,16300,9
145434,13,Acueducto Siglo 21,16200,9
145435,13,Hacienda San Pablo,16200,9
145436,13,Maria Fernanda,16100,9
145437,13,San Pablo,16100,9
145438,13,Alquiciras,16240,9
145439,13,Asociacion Temamatla,16240,9
145440,13,Los Pinos,16240,9
145441,13,Ocotitla,16240,9
145442,13,Tlalatlaco (Paraje Azizicantitla),16240,9
145443,13,Tlaxopan,16240,9
145444,13,Tetlapanoya,16800,9
145445,13,Loreto Y Pe�a Pobre,16300,9
145446,13,La Ca�ada,16800,9
145447,13,El Encanto,16029,9
145448,13,Canal 11,16200,9
145449,13,El Cantil Tepeltetzihuil,14490,9
145450,8,Independencia Batan Norte,10100,9
145451,8,Independencia Batan Sur,10100,9
145452,8,Independencia San Ramon,10100,9
145453,8,San Jeronimo Lidice,10200,9
145454,8,La Malinche,10010,9
145455,8,San Bartolo Ameyalco,10010,9
145456,8,El Tanque,10320,9
145457,8,Las Cruces,10330,9
145458,8,Puente Sierra,10110,9
145459,8,San Jeronimo Aculco,10400,9
145460,8,Cuauhtemoc,10020,9
145461,8,Los Padres,10340,9
145462,8,San Bernabe Ocotepec,10300,9
145463,8,Atacaxco,10370,9
145464,8,Barros Sierra,10380,9
145465,8,Lomas Quebradas,10000,9
145466,8,Heroes De Padierna,10700,9
145467,8,Lomas De San Bernabe,10350,9
145468,8,El Toro,10610,9
145469,8,Santa Teresa,10710,9
145470,8,Pedregal 2,10720,9
145471,8,La Guadalupe,10820,9
145472,8,Barranca Seca,10580,9
145473,8,El Rosal,10600,9
145474,8,Pueblo Nuevo Bajo,10640,9
145475,8,Potrerillo,10620,9
145476,8,Huayatla,10360,9
145477,8,Lomas De Capulin,01860,9
145478,8,Paraje El Caballito,01860,9
145479,8,Pueblo Nuevo Alto,10640,9
145480,8,La Magdalena,10910,9
145481,8,La Concepcion,10830,9
145482,8,San Nicolas Totolapan,10900,9
145483,8,Las Calles,10840,9
145484,8,La Carbonera,10640,9
145485,8,El Ocotal,10630,9
145486,8,El Ermita�o,10660,9
145487,8,Rincon De Tlacuilotitla,10660,9
145488,8,Cazulco,10900,9
145489,8,Las Huertas,10920,9
145490,8,Subestacion,10900,9
145491,8,Gavillero,10900,9
145492,8,Ixtlahualtongo,10900,9
145493,8,Plazuela Del Pedregal,10840,9
145494,8,Tierra Unida,10350,9
145495,8,Tierra Colorada,10926,9
145496,10,Tizapan San Angel,01080,9
145497,10,Loreto,01090,9
145498,10,Tizapan,01080,9
145499,10,La Otra Banda,01090,9
145500,10,Puertas Del Pedregal,01090,9
145501,10,Jardines Del Pedregal,01900,9
145502,10,Axotla,01030,9
145503,10,Florida,01030,9
145504,10,Guadalupe Inn,01020,9
145505,10,Alpes,01010,9
145506,10,De Guadalupe,01050,9
145507,10,San Angel,01000,9
145508,10,Campestre,01040,9
145509,10,Tlacopac,01040,9
145510,10,San Angel Inn,01020,9
145511,10,Altavista,01060,9
145512,10,Chimalistac,01070,9
145513,10,Atlamaya,01760,9
145514,10,Aguilas Pilares,01710,9
145515,10,Flor De Maria,01760,9
145516,10,San Clemente,01740,9
145517,10,Las Aguilas,01710,9
145518,10,Lomas De San Angel Inn,01790,9
145519,10,Lomas De Tetelpan,01790,9
145520,10,Lomas De Los Angeles Tetelpan,01790,9
145521,10,San Agustin,01700,9
145522,10,Tecalcapa,01700,9
145523,10,Encino,01700,9
145524,10,La Pe�ita,01700,9
145525,10,Lomas De Guadalupe,01720,9
145526,10,Alcantarilla,01729,9
145527,10,Ocotillos,01700,9
145528,10,Olivar De Los Padres,01800,9
145529,10,Tetelpan,01700,9
145530,10,Segunda Del Moral,01700,9
145531,10,Progreso Tizapan,01080,9
145532,10,Ermita Tizapan,01080,9
145533,10,Omega,01780,9
145534,10,Tizampampano,01780,9
145535,10,San Jose Del Olivar,01780,9
145536,10,Montse Pinos,01780,9
145537,10,Torres De Potrero,01840,9
145538,10,Rincon De La Bolsa,01849,9
145539,10,La Angostura,01770,9
145540,10,Real De Leones,01770,9
145541,10,San Javier,01080,9
145542,10,Casa De Campo,01780,9
145543,10,Maria Isabel,01780,9
145544,10,Lomas De Los Cedros,01870,9
145545,10,Lomas De La Era,01860,9
145546,10,Ampl Tlacoyaque,01858,9
145547,10,Tlacoyaque,01859,9
145548,10,Lomas De Chamontoya,01857,9
145549,5,Gertrudis Sanchez 2A Seccion,07839,9
145550,5,San Pedro El Chico,07480,9
145551,5,Gertrudis Sanchez 3A Seccion,07839,9
145552,5,San Juan De Aragon 1A Seccion,07969,9
145553,5,Nueva Tenochtitlan,07890,9
145554,5,Ex-Escuela De Tiro,07960,9
145555,5,Juan Gonzalez Romero,07410,9
145556,5,Nueva Atzacoalco,07420,9
145557,5,San Felipe De Jesus,07510,9
145558,5,25 De Julio,07520,9
145559,5,Campestre Aragon,07530,9
145560,5,La Esmeralda,07549,9
145561,5,U Infonavit Esmeralda,07540,9
145562,5,El Milagro,07548,9
145563,5,Frente La Esmeralda,07548,9
145564,5,Ampliacion Providencia,07560,9
145565,5,La Pradera,07500,9
145566,5,San Juan De Aragon 7 Secc,07910,9
145567,5,Ampliacion Casas Aleman,07580,9
145568,5,La Pradera I,07509,9
145569,5,Rosario Ibarra De Piedra,07509,9
145570,5,La Pradera Ii,07509,9
145571,5,Malvinas Mexicanas,07509,9
145572,5,Villa De Aragon,07570,9
145573,5,Villa De Aragon (Fracc Villa De Aragon),07570,9
145574,5,Del Obrero,07430,9
145575,5,5 De Mayo 2,07440,9
145576,5,Vasco De Quiroga,07440,9
145577,5,Villa Hermosa,07410,9
145578,5,Galaxias Hidalgo,07430,9
145579,5,Santiago Atzacoalco,07040,9
145580,5,5 De Mayo 1,07440,9
145581,5,Atzacoalco,07040,9
145582,5,Fray Bernardino De La Torre,07040,9
145583,5,El Coyol,07420,9
145584,5,Salvador Diaz Miron,07400,9
145585,5,Torres De Quiroga O El Vasco,07440,9
145586,5,Eduardo Molina I,07458,9
145587,5,51 Legislatura,07456,9
145588,5,Eduardo Molina Ii,07458,9
145589,5,Plaza Oriente,07420,9
145590,5,Dm Nacional,07469,9
145591,5,Ferrocarrilera Insurgentes,07455,9
145592,5,San Juan Iii,07420,9
145593,5,Torres De San Juan,07469,9
145594,5,Torres De San Juan 1B,07970,9
145595,5,Jose Maria Morelos Y Pavon I,07469,9
145596,5,Jose Maria Morelos Y Pavon Ii,07457,9
145597,5,Ejidos San Juan De Aragon 1A Seccion,07940,9
145598,5,Heroes De Chapultepec,07939,9
145599,5,Indeco,07930,9
145600,5,El Olivo,07920,9
145601,5,Fovissste Cuchilla,07950,9
145602,5,Fovissste Rio De Guadalupe,07950,9
145603,5,La Escalera,07950,9
145604,5,San Miguel 1 Seccion,07950,9
145605,5,San Miguel 2 Seccion,07950,9
145606,5,Camino San Juan De Aragon,07950,9
145607,5,Infonavit Camino San Juan De Aragon,07920,9
145608,5,Los Olivos,07920,9
145609,5,Hornos De Aragon,07920,9
145610,5,Infonavit Loreto Fabela,07920,9
145611,5,Blanca Avila,07950,9
145612,5,Joyas De Aragon,07950,9
145613,5,Loreto Fabela,07950,9
145614,5,San Juan De Aragon 6A Seccion,07918,9
145615,5,San Juan De Aragon 4A Seccion,07979,9
145616,5,San Juan De Aragon 2A Seccion,07969,9
145617,5,San Juan De Aragon 3A Seccion,07970,9
145618,5,U Hab San Juan De Aragon (Uhab Caja De Prev De La Policia),07970,9
145619,5,San Juan De Aragon 5A Seccion,07979,9
145620,5,Fovissste Aragon,07979,9
145621,5,Narciso Bassols,07980,9
145622,5,C T M Aragon Ampl,07990,9
145623,5,C T M Aragon,07990,9
145624,5,Cerro Prieto,07960,9
145625,5,Fernando Casas Aleman,07960,9
145626,5,Cuchilla Del Tesoro,07900,9
145627,5,Ejidos San Juan De Aragon 2A Seccion,07919,9
145628,5,Arcos La Esmeralda,07540,9
145629,5,Campamento La Esmeralda,07540,9
145630,5,Villa Esmeralda,07540,9
145631,5,La Esmeralda Iii,07540,9
145632,5,La Huitznahua,07540,9
145633,5,Nueva Esmeralda,07540,9
145634,5,Unidad Habitacional Arcos De Aragon,07480,9
145635,3,Amador Sanchez,04330,9
145636,3,Atlantida,04370,9
145637,3,Ciudad Jardin,04370,9
145638,3,De La Candelaria,04380,9
145639,3,Hacienda De Coyoacan,04380,9
145640,3,Mariana,04330,9
145641,3,Conj Hab Pedro Henriquez Ure�a 540,04330,9
145642,3,Las Flores Ficapro,04330,9
145643,3,Las Torres Uscovi,04330,9
145644,3,Rinconada De Los Reyes,04390,9
145645,3,Pedregal De Coyoacan,04700,9
145646,3,Santo Domingo Pgal De Sto Domingo,04369,9
145647,3,Ciudad Universitaria,04360,9
145648,3,Copilco Universidad,04360,9
145649,3,Ampliacion Candelaria,04389,9
145650,3,Cantera,04330,9
145651,3,Division Del Norte 3271,04380,9
145652,3,Parkes Coyoacan,04380,9
145653,3,Residencial Coyoacan,04380,9
145654,3,Xotepingo,04610,9
145655,3,Rancho El Rosario,04380,9
145656,3,Bosque De Anahuacalli,04380,9
145657,3,Clavel 14,04389,9
145658,3,Nueva Diaz Ordaz,04390,9
145659,3,Ajusco,04300,9
145660,3,Ajusco Huayamilpas,04390,9
145661,3,Moserrrat Universidad,04330,9
145662,3,Copilco El Alto,04360,9
145663,3,Private Park,04620,9
145664,3,San Pablo Tepetlapa,04620,9
145665,3,El Reloj,04640,9
145666,3,Adolfo Ruiz Cortines,04630,9
145667,3,Jardines Del Pedregal San Angel,04500,9
145668,3,Ote Jardines Del Pedregal,04500,9
145669,3,Insurgentes Cuicuilco,04530,9
145670,3,Santa Ursula Coapa Pgal De Santa Ursula Coapa,04600,9
145671,3,Be Grand Coyoacan,04650,9
145672,3,Los Fresnos,04650,9
145673,3,Santa Ursula Coapa,04650,9
145674,3,Magdalena,04650,9
145675,3,Priv Santa Ursula,04650,9
145676,3,Rincon De Tlalpan,04650,9
145677,3,Invi San Isidro 180,04650,9
145678,3,Privalia Sur,04650,9
145679,3,Pedregal De Carrasco,04700,9
145680,3,Pedregal Del Maurel,04700,9
145681,3,Villa Panamericana,04700,9
145682,3,Centro Urbano,04700,9
145683,3,Villas Del Iman,04700,9
145684,3,Cantil Del Pedregal,04730,9
145685,3,El Caracol,04739,9
145686,3,La Zorra Ejido De Santa Ursula,04660,9
145687,3,Joyas Del Pedregal,04660,9
145688,3,Bosques De Tetlameya,04730,9
145689,3,Media Luna,04737,9
145690,3,Olimpica,14710,9
145691,3,Vistas Del Maurel,04700,9
145692,3,Del Pedregal,04700,9
145693,3,Pedregal Del Sur,04700,9
145694,3,Santa Ursula,04650,9
145695,3,El Martillo,04360,9
145696,3,La Cantera,04369,9
145697,3,Ciudad Jardin Tlalpan,04610,9
145698,3,Torres Del Maurel,04535,9
145699,3,Buenavista,04650,9
145700,3,Country Club,04220,9
145701,3,Campestre Churubusco,04200,9
145702,3,Educacion,04400,9
145703,3,Multifamiliar Tlalpan,04400,9
145704,3,El Centinela,04450,9
145705,3,Avante,04460,9
145706,3,Espartaco,04870,9
145707,3,Prados De Coyoacan,04810,9
145708,3,Los Cipreses,04830,9
145709,3,Los Ciruelos,04830,9
145710,3,Villas De Coyoacan,04000,9
145711,3,Los Robles,04870,9
145712,3,Ex Hacienda Coapa,04890,9
145713,3,Jardines De Coyoacan,04890,9
145714,3,El Parque De Coyoacan,04890,9
145715,3,Las Caba�as,04899,9
145716,3,Ejido Viejo Santa Ursula Coapa(Viejo Ejido De Santa Ursula Coapa),04650,9
145717,3,Infonavit El Hueso,04859,9
145718,3,Los Girasoles Iii,04920,9
145719,3,Copilco El Bajo,04340,9
145720,3,Del Carmen,04100,9
145721,3,Viveros De Coyoacan,04110,9
145722,3,San Diego Churubusco,04120,9
145723,3,Villa Coyoacan,04000,9
145724,3,Parque San Andres,04040,9
145725,3,San Lucas,04030,9
145726,3,California,04040,9
145727,3,Puerto Rico 20,04040,9
145728,3,El Rosedal,04330,9
145729,3,America 143,04030,9
145730,3,Cuadrante De San Francisco,04320,9
145731,3,Rincon De Guanajuato,04327,9
145732,3,Villa San Francisco,04326,9
145733,3,Pedregal De San Francisco,04320,9
145734,3,Romero De Terreros,04310,9
145735,3,Monte De Piedad,04310,9
145736,3,Fortin Chimalistac,04319,9
145737,3,Oxtopulco Universidad,04310,9
145738,3,Torres De Chimalistac,04310,9
145739,3,Altillo Universidad,04350,9
145740,3,Integracion Latinoamericana,04310,9
145741,3,Copilco Universidad Issste,04340,9
145742,3,Insurgentes San Angel,04340,9
145743,3,Para Empleados Federales,04359,9
145744,3,Copilco 300,04350,9
145745,3,Fovissste Oxtopulco,04310,9
145746,3,Tecualiapan,04320,9
145747,3,Del Ni�o Jesus,04330,9
145748,3,Rinconada Coyoacan,04330,9
145749,11,San Miguel Zapotitla,13310,9
145750,11,Capultitla,13300,9
145751,11,Las Pe�itas,13300,9
145752,11,Santa Ana Centro,13300,9
145753,11,Santa Ana Norte,13300,9
145754,11,Santiago Zapotitlan,13300,9
145755,11,Tierra Y Libertad,13300,9
145756,11,Vapac 1,13310,9
145757,11,Villas Santiago,13060,9
145758,11,Zapotitla,13300,9
145759,11,Atlacapa,13300,9
145760,11,Lopez Portillo,13410,9
145761,11,Santiago Norte,13300,9
145762,11,La Orilla,13410,9
145763,11,Margarita Moran Veliz,13419,9
145764,11,Predio Ayecotitla,13419,9
145765,11,Puertantitla,13410,9
145766,11,San Francisco Tlaltenco,13400,9
145767,11,Selene 1A Secc,13420,9
145768,11,Los Pollitos,13400,9
145769,11,Zompantitla,13400,9
145770,11,Chichilaula,13100,9
145771,11,La Mesa,13100,9
145772,11,Los 500 Metros (Ejidal Sierra Santa Catarina),13100,9
145773,11,Paraiso Acualaxtla,13100,9
145774,11,Pedregal,13100,9
145775,11,Santa Catarina Yecahuizotl,13100,9
145776,11,Santiago,13100,9
145777,11,Teozoma,13100,9
145778,11,Tecpinco,13150,9
145779,11,La Concepcion Santa Catarina Yecahuizotl,13100,9
145780,11,Quinta Don Ramon,13100,9
145781,11,San Miguel(Santa Catarina),13100,9
145782,11,Ampl San Miguel(Tlahuac),13100,9
145783,11,Colonos Providencia,13310,9
145784,11,U Hab Colonos Providencia Del Cac,13310,9
145785,11,U Hab Zapotitla I,13310,9
145786,11,San Rafael Atlixco 3338,13310,9
145787,11,San Rafael Atlixco 3348,13310,9
145788,11,Zapotitla Tlahuac Ll,13310,9
145789,11,Amado Nervo I,13260,9
145790,11,Amado Nervo No63,13260,9
145791,11,Diaz Miron 108,13260,9
145792,11,Diaz Miron 200,13260,9
145793,11,Diaz Miron 214,13260,9
145794,11,Exhacienda De Xoco,13219,9
145795,11,Gitana 51A,13260,9
145796,11,Gitana 77,13260,9
145797,11,La Nopalera,13220,9
145798,11,Rene Sanchez Rodriguez,13260,9
145799,11,Santa Ana Poniente,13260,9
145800,11,Santa Martha,13260,9
145801,11,Amado Nervo 112,13300,9
145802,11,Amado Nervo 126,13300,9
145803,11,Amado Nervo 156,13200,9
145804,11,Bellas Artes,13219,9
145805,11,Benito Quezada,13319,9
145806,11,Buena Suerte 193,13219,9
145807,11,Buena Suerte 228,13219,9
145808,11,Buena Suerte 244,13219,9
145809,11,Buena Suerte 269,13219,9
145810,11,Buena Suerte 319,13219,9
145811,11,Cda Paso (Yugualite 8),13219,9
145812,11,Diana Laura R De Colosio,13300,9
145813,11,Gitana 172,13300,9
145814,11,Gitana 243,13300,9
145815,11,Gitana 278,13300,9
145816,11,Gitana 313,13300,9
145817,11,Gitana Norte,13300,9
145818,11,Gitana Norte 200,13300,9
145819,11,Ixtacalco,13300,9
145820,11,Porvenir 155,13219,9
145821,11,Porvenir 197,13219,9
145822,11,Porvenir 197 A,13219,9
145823,11,Porvenir 244,13219,9
145824,11,Porvenir 254,13219,9
145825,11,Rinconada  Arboledas,13219,9
145826,11,Santa Cruz 127,13300,9
145827,11,Santa Cruz 263,13300,9
145828,11,Santa Cruz 393,13300,9
145829,11,Santa Cruz 443,13219,9
145830,11,Santa Cruz 447,13219,9
145831,11,Tlecuilli,13300,9
145832,11,Villa Residencial Amado Nervo,13300,9
145833,11,Patria Nueva,13219,9
145834,11,Porvenir 140,13210,9
145835,11,Porvenir 54,13210,9
145836,11,Providencia 121,13219,9
145837,11,Providencia 163,13219,9
145838,11,Genaro Reyes,13210,9
145839,11,Granjas Cabrera,13230,9
145840,11,Promociones La Turba,13230,9
145841,11,Reno,13210,9
145842,11,Ruiz Cortinez,13210,9
145843,11,Adalberto Tejeda 144,13210,9
145844,11,Cocodrilo,13210,9
145845,11,Gitana 56,13300,9
145846,11,Gitana 66,13300,9
145847,11,Gitana 76,13300,9
145848,11,Minas De Arena,13300,9
145849,11,Amado Nervo 102,13220,9
145850,11,Amado Nervo 68,13220,9
145851,11,Arcada De La Fuente,13220,9
145852,11,Gallo De Oro 82,13220,9
145853,11,Luis G Urbina,13220,9
145854,11,Modulo Social Amado Nervo,13220,9
145855,11,Torres De Tlahuac,13220,9
145856,11,Gutierrez Najera,13300,9
145857,11,Gutierrez Najera 99,13300,9
145858,11,Juan De Dios Peza 161,13300,9
145859,11,Juan De Dios Peza 98,13300,9
145860,11,Manuel M Lopez Ii,13300,9
145861,11,Manuel M Lopez Iii,13300,9
145862,11,Afocaso Santa Veronica,13310,9
145863,11,Genaro Valdez,13310,9
145864,11,Herradura Tlaxcanes,13310,9
145865,11,Juan De Dios Peza 61 Nueva Tenochtitlan,13300,9
145866,11,La Aurorita,13317,9
145867,11,Vapac 2,13310,9
145868,11,Vapac 3,13310,9
145869,11,Mamazco,13430,9
145870,11,Selene,13430,9
145871,11,Las Puertas,13440,9
145872,11,Acueducto,13440,9
145873,11,Tenochtitlan,13440,9
145874,11,Santiago Sur (La Conchita Zapotitlan B),13300,9
145875,11,Santiago Centro,13300,9
145876,11,Santa Ana Sur (La Conchita Zapotitlan A),13300,9
145877,11,Altamirano 198,13300,9
145878,11,Bodas De Figaro 82,13300,9
145879,11,Miguel Hidalgo Ote,13200,9
145880,11,Arabella 77,13200,9
145881,11,Magnolias,13210,9
145882,11,Monte Olivos,13210,9
145883,11,Del Mar Sur,13270,9
145884,11,Dr Francisco Cabrera,13210,9
145885,11,Paula Lopez,13210,9
145886,11,Roberto Esperon,13210,9
145887,11,La Turba,13250,9
145888,11,Lago Cuitzeo,13250,9
145889,11,Del Mar Norte,13270,9
145890,11,Bretel 106,13200,9
145891,11,Privada De Tlahuac,13220,9
145892,11,Constitucion Zapotitla,13200,9
145893,11,Guillermo Prieto,13200,9
145894,11,La Traviata,13200,9
145895,11,Verdi,13200,9
145896,11,Zodiaco,13200,9
145897,11,La Conchita Zapotitlan A,13360,9
145898,11,La Conchita Zapotitlan B,13360,9
145899,11,La Cienega,13400,9
145900,11,Quirino Mendoza,01670,9
145901,11,Selene 2A Secc,13420,9
145902,11,Tempiluli,13360,9
145903,11,Ojo De Agua,13450,9
145904,11,Los Hugonotes,13200,9
145905,11,Los Lombardos,13200,9
145906,11,Agricola Metropolitana,13280,9
145907,11,Ana Bolena,13280,9
145908,11,Sociedad Cooperativa Ceani,13270,9
145909,11,Del Mar,13270,9
145910,11,Flauta Magica 180,13200,9
145911,11,La Draga,13200,9
145912,11,Villas La Draga,13200,9
145913,11,La Conchita,13360,9
145914,11,Santa Cecilia,13010,9
145915,11,San Jose,13020,9
145916,11,La Habana,13050,9
145917,11,Geovillas Xochimilco,13090,9
145918,11,Hombres De La Reforma,13060,9
145919,11,San Pedro Tlahuac,13000,9
145920,11,Quiahuatla,13090,9
145921,11,San Miguel,13070,9
145922,11,El Pato,13500,9
145923,11,La Lupita,13500,9
145924,11,San Juan Ixtayopan,13500,9
145925,11,Los Cerrillos 2,16780,9
145926,11,Olivar Santa Maria,13546,9
145927,11,Tierra Blanca,13540,9
145928,11,Jaime Torres Bodet,13530,9
145929,11,Pe�a Alta,13549,9
145930,11,Soledad,13500,9
145931,11,Jardines Del Llano,13550,9
145932,11,San Nicolas Tetelco,13700,9
145933,11,Villa Tlatempa,13559,9
145934,11,San Bartolome,13600,9
145935,11,San Andres Mixquic,13600,9
145936,11,San Ignacio De Loyola,13640,9
145937,11,Tepantitlamilco,13700,9
145938,11,Emiliano Zapata 1A,13710,9
145939,11,Emiliano Zapata 2A,13710,9
145940,11,Villa Centroamericana Y Del Caribe,13278,9
145941,11,Villas De Los Trabajadores Del Gobierno Del Df,13278,9
145942,11,San Isidro Tulyehualco,16730,9
145943,11,La Loma,16730,9
145944,11,San Luis Tlaxialtemalco,16610,9
145945,11,Calyecac,16750,9
145946,11,Los Cerrillos 1,16780,9
145947,11,Los Cerritos 1,16780,9
145948,16,Militar 1 K Lomas De Sotelo,11200,9
145949,16,Polanco,11550,9
145950,16,Los Morales,11510,9
145951,16,Los Morales Secc Palmas,11540,9
145952,16,Los Morales Secc Alamedas,11530,9
145953,16,Reforma Social,11650,9
145954,16,Lomas De Barrilaco,11010,9
145955,16,Lomas De Chapultepec,11000,9
145956,16,Lomas De Chapultepec Iii Sec,11000,9
145957,16,Palmitas,11560,9
145958,16,Chapultepec Polanco,11560,9
145959,16,Lomas De Chapultepec V Seccion,11000,9
145960,16,Century Lomas,11000,9
145961,16,Lomas De Chapultepec V Secc,11000,9
145962,16,Bosque De Chapultepec Ii,11100,9
145963,16,Lomas Virreyes,11000,9
145964,16,Molino Del Rey,11040,9
145965,16,Lomas De Chapultepec Iv Sec,11000,9
145966,16,Lomas De Chapultepec Vi Secc,11000,9
145967,16,Lomas De Chapultepec Viii Secc,11010,9
145968,16,Bosque De Chapultepec Iii,11100,9
145969,16,Bosque De Chapultepec I,11100,9
145970,16,San Miguel Chapultepec,11850,9
145971,16,San Miguel Chapultepec Ii Seccion,11850,9
145972,16,Daniel Garza,11840,9
145973,16,Observatorio,11860,9
145974,16,Tacubaya,11870,9
145975,16,America,11820,9
145976,16,16 De Septiembre,11810,9
145977,16,Lomas Altas,11950,9
145978,16,Plan De Barrancas,11950,9
145979,16,Lomas De Reforma,11020,9
145980,16,Bosques De Las Lomas,11700,9
145981,16,Lomas De Bezares,11910,9
145982,16,Real De Lomas,11920,9
145983,16,Polanco Ii Seccion,11530,9
145984,16,Polanco Iii Seccion,11560,9
145985,16,Residencial Militar,11600,9
145986,16,Intersol Lomas,11020,9
145987,16,Lomas De Chapultepec Vii Seccion,11000,9
145988,16,Agricultura,11360,9
145989,16,Plutarco Elias Calles,11350,9
145990,16,Un Hogar Para Nosotros,11330,9
145991,16,Nextitla,11420,9
145992,16,Popotla,11400,9
145993,16,Tlaxpana,11370,9
145994,16,Escandon,11800,9
145995,16,Escandon I Seccion,11800,9
145996,16,Escandon Ii Seccion,11800,9
145997,16,Torre Blanca,11280,9
145998,16,Legaria,11410,9
145999,16,Tacuba,11410,9
146000,16,Ampliacion Torre Blanca,11289,9
146001,16,Argentina Antigua,11270,9
146002,16,San Joaquin,11260,9
146003,16,Mexico Nuevo,11260,9
146004,16,Pensil Norte,11430,9
146005,16,Ventura Perez De Alba,11430,9
146006,16,Deportiva Pensil,11470,9
146007,16,Lomas De Sotelo,11200,9
146008,16,Periodista,11220,9
146009,16,10 De Abril,11250,9
146010,16,Loma Hermosa,11500,9
146011,16,Panteon Frances,11470,9
146012,16,Tata Lazaro,11250,9
146013,16,Pensil Sur,11490,9
146014,16,Francisco I Madero,11480,9
146015,16,Irrigacion,11500,9
146016,16,Campo Militar 1A,11619,9
146017,16,Manuel Avila Camacho,11610,9
146018,16,San Diego Ocoyoacac,11290,9
146019,16,Ignacio Manuel Altamirano,11240,9
146020,16,Argentina Poniente,11230,9
146021,16,Pensil San Juanico,11440,9
146022,16,Anahuac Los Manzanos,11460,9
146023,16,Anahuac Peralitos,11450,9
146024,16,Ahuehuetes Anahuac,11320,9
146025,16,Reforma Pensil,11440,9
146026,16,Cuauhtemoc Pensil,11490,9
146027,16,Modelo Pensil,11460,9
146028,16,Anahuac Lago Norte,11460,9
146029,16,Marina Nacional,11320,9
146030,16,Anahuac Mariano Escobedo,11320,9
146031,16,Anahuac Dos Lagos,11460,9
146032,16,Anahuac Lago Sur,11460,9
146033,16,Popo,11480,9
146034,16,Veronica Anzures,11300,9
146035,16,Granada,11520,9
146036,16,Polanco Reforma,11550,9
146037,16,Anzures,11590,9
146038,16,Polanco Iv Seccion,11550,9
146039,16,Chapultepec Morales,11570,9
146040,16,Polanco V Seccion,11560,9
146041,16,Rincon Del Bosque,11580,9
146042,16,Bosque De Chapultepec,11580,9
146043,16,San Lorenzo Tlaltenango,11210,9
146044,17,Popular Rastro,15220,9
146045,17,Nicolas Bravo,15220,9
146046,17,5To Tramo 20 De Noviembre,15309,9
146047,17,Venustiano Carranza,15300,9
146048,17,Michoacana,15240,9
146049,17,Emilio Carranza,15230,9
146050,17,Janitzio,15200,9
146051,17,Azteca,15320,9
146052,17,Progresista,15370,9
146053,17,Tres Mosqueteros,15330,9
146054,17,Penitenciaria,15350,9
146055,17,Morelos I,15280,9
146056,17,Madero,15360,9
146057,17,Escuela De Tiro,15380,9
146058,17,Morelos Iii,15270,9
146059,17,Candelaria De Los Patos,15120,9
146060,17,Morazan,15100,9
146061,17,Del Parque,15100,9
146062,17,Merced Balbuena,15810,9
146063,17,Felipe Angeles,15310,9
146064,17,Damian Carmona,15450,9
146065,17,Primero De Mayo,15440,9
146066,17,Revolucion,15460,9
146067,17,Romero Rubio,15400,9
146068,17,Moctezuma 2A Seccion,15530,9
146069,17,Las Vias 1,15530,9
146070,17,Las Vias 2,15530,9
146071,17,Las Vias 3,15530,9
146072,17,Las Vias 4,15530,9
146073,17,Las Vias 5,15530,9
146074,17,7 De Julio,15390,9
146075,17,Moctezuma 1A Seccion,15500,9
146076,17,Santa Cruz Aviacion,15540,9
146077,17,10 De Mayo,15290,9
146078,17,Puebla,15020,9
146079,17,Aeronautica Militar,15970,9
146080,17,Jardin Balbuena,15900,9
146081,17,Kennedy,15950,9
146082,17,24 De Abril,15980,9
146083,17,Alvaro Obregon,15990,9
146084,17,Magdalena Mixhuca,15850,9
146085,17,Magdalena Mixiuhca,15860,9
146086,17,Troncoso,15900,9
146087,17,Viaducto Troncoso,15900,9
146088,17,Aquiles Serdan,15430,9
146089,17,Simon Bolivar,15410,9
146090,17,Pensador Mexicano,15510,9
146091,17,Pe�on De Los Ba�os,15520,9
146092,17,Aeropuerto Int De La Cd De Mexico,15620,9
146093,17,El Arenal 1A Seccion,15600,9
146094,17,El Arenal 4A Seccion,15640,9
146095,17,El Arenal Puerto Aereo,15600,9
146096,17,Fiviport,15600,9
146097,17,El Arenal 2A Seccion,15680,9
146098,17,El Arenal 3A Seccion,15660,9
146099,17,Cuchilla Pantitlan,15610,9
146100,17,Calle 5 472,15610,9
146101,17,Calle 6 471,15610,9
146102,17,Caracol,15630,9
146103,17,Ampl Caracol,15650,9
146104,17,Adolfo Lopez Mateos,15670,9
146105,17,Calle 2 398,15610,9
146106,17,Ficapro C Uno 670,15610,9
146107,17,Ampl Adolfo Lopez Mateos,15690,9
146108,17,Ampl Aviacion Civil,15750,9
146109,17,Aviacion Civil,15740,9
146110,17,Bahia,15730,9
146111,17,Cuatro Arboles,15730,9
146112,17,Secretaria 211,15730,9
146113,17,Federal,15700,9
146114,17,Industrial Puerto Aereo,15710,9
146115,17,Agricola Pantitlan(Pantitlan),08100,9
146116,17,Ignacio Zaragoza,15000,9
146117,17,Valentin Gomez Farias,15010,9
146118,17,Lorenzo Boturini,15820,9
146119,17,Artes Graficas,15830,9
146120,17,Aaron Saenz,15870,9
146121,17,Sevilla,15840,9
146122,17,Jamaica,15800,9
146123,15,Roma Norte,06700,9
146124,15,Condesa,06140,9
146125,15,Hipodromo,06100,9
146126,15,Hipodromo Condesa,06170,9
146127,15,Roma Sur,06760,9
146128,15,Santa Maria La Ribera,06400,9
146129,15,Guerrero,06300,9
146130,15,Doctores,06720,9
146131,15,Obrera,06800,9
146132,15,Algarin,06880,9
146133,15,Buenos Aires,06780,9
146134,15,Tabacalera,06030,9
146135,15,Transito,06820,9
146136,15,Esperanza,06840,9
146137,15,Paulino Navarro,06870,9
146138,15,Vista Alegre,06860,9
146139,15,Asturias Ampliacion,06890,9
146140,15,Asturias,06850,9
146141,6,Granjas Mexico,08400,9
146142,6,Cuchilla Agricola Oriental,08420,9
146143,6,Ex Ejidos De La Magdalena Mixihuca,08010,9
146144,6,Coyuya,08320,9
146145,6,San Fco Xicaltongo,08230,9
146146,6,5 De Diciembre,08610,9
146147,6,Zapotla,08610,9
146148,6,Mercados 1,08650,9
146149,6,Mercados 2,08650,9
146150,6,Tlazintla,08710,9
146151,6,Tlacotal Ramos Millan,08720,9
146152,6,Gabriel Ramos Millan,08730,9
146153,6,Ramos Millan Bramadero,08000,9
146154,6,Cuchilla Ramos Millan,08030,9
146155,6,Ampliacion Ramos Millan,08020,9
146156,6,Impi Iztacalco,08760,9
146157,6,"Mosco Chinampa,Gabriel Ramos Millan",08740,9
146158,6,Picos Iztacalco 1B Y 2A,08770,9
146159,6,Picos Iztacalco 1A,08770,9
146160,6,Santiago Sur,08800,9
146161,6,Reforma Iztaccihuatl Norte,08810,9
146162,6,Militar Marte,08830,9
146163,6,Barrio De Santiago,08800,9
146164,6,Campamento 2 De Octubre-(Fraccionamiento Benito Juarez),08930,9
146165,6,Jardines Tecma,08920,9
146166,6,Infonavit Iztacalco,08900,9
146167,6,Carlos Zapata Vela,08040,9
146168,6,Reforma Iztaccihuatl Sur,08840,9
146169,6,Agricola Oriental,08500,9
146170,6,El Rodeo,08510,9
146171,6,Fuentes Sta Anita,08300,9
146172,6,Santa Anita,08300,9
146173,6,Viaducto Piedad,08200,9
146174,6,Nueva Sta Anita,08210,9
146175,6,Barrio San Pedro Iztacalco,08220,9
146176,12,Cantera Puente De Piedra,14040,9
146177,12,Isidro Fabela,14030,9
146178,12,Luis Donaldo Colosio Murrieta,14038,9
146179,12,Zapote I,14038,9
146180,12,Zapote Ii,14038,9
146181,12,Zapote Iii,14038,9
146182,12,Pueblo Quieto,14040,9
146183,12,Toriello Guerra,14050,9
146184,12,Romulo Sanchez Mireles,14070,9
146185,12,Tlalpan Centro,14000,9
146186,12,San Fernando,14070,9
146187,12,San Pedro Apostol,14070,9
146188,12,Fuentes Del Pedregal,14140,9
146189,12,Pedregal Del Lago,14140,9
146190,12,Retornos Del Pedregal,14140,9
146191,12,Emilio Portes Gil Pemex Picacho,14200,9
146192,12,Rincon Del Pedregal,14120,9
146193,12,Jardines En La Monta�a,14210,9
146194,12,Lomas De Padierna,14200,9
146195,12,Parques Del Pedregal,14010,9
146196,12,Sta Teresa,10730,9
146197,12,Villa Charra,10730,9
146198,12,Villa Olimpica Liberador Miguel Hidalgo,14020,9
146199,12,Ampl Miguel Hidalgo 2A Secc,14250,9
146200,12,Bosque De Tlalpan,14410,9
146201,12,Jardines Del Ajusco,14200,9
146202,12,Zacayucan Pe�a Pobre,14260,9
146203,12,Real De La Monta�a,14210,9
146204,12,Popular Sta Teresa,14160,9
146205,12,Pedregal De Sn Nicolas 1A Secc,14100,9
146206,12,Pedregal De Sn Nicolas 2A Secc,14100,9
146207,12,Jardines Del Ajusco 3A Secc,14200,9
146208,12,Jardines Del Ajusco 1A Secc,14200,9
146209,12,Colinas Del Ajusco,14200,9
146210,12,Pedregal De Sn Nicolas 3A Secc,14100,9
146211,12,Pedregal De Sn Nicolas 4A Secc,14100,9
146212,12,Torres De Padierna,14209,9
146213,12,Ampl Miguel Hidalgo 4A Secc,14250,9
146214,12,Jardines Del Ajusco 2A Secc,14200,9
146215,12,Jardines Del Ajusco 4Ta Secc,14200,9
146216,12,Ampl Miguel Hidalgo 3A Secc,14250,9
146217,12,El Capulin,14250,9
146218,12,Fortin Del Bosque,14250,9
146219,12,Lupita Perez,14250,9
146220,12,Preciat,14250,9
146221,12,Vistas De La Monta�a Iv,14250,9
146222,12,Portales Del Sur,14410,9
146223,12,Aldeas De Tlalpan,14250,9
146224,12,La Lonja,14268,9
146225,12,La Fama,14410,9
146226,12,Calvario Camisetas,14000,9
146227,12,Fuentes De Tlalpan,14000,9
146228,12,Ayuntamiento Tlalpan,14410,9
146229,12,Sor Juana Ines De La Cruz,14410,9
146230,12,Fuentes Brotantes Miguel Hidalgo,14410,9
146231,12,Parque Nacional Fuentes Brotantes,14410,9
146232,12,Pblo Sta Ursula Xitla,14420,9
146233,12,Tlalpan Joya,14090,9
146234,12,Belgravia,14440,9
146235,12,San Jose Buena Vista,14440,9
146236,12,Conj Hab Fortin Del Bosque Ii,14250,9
146237,12,U Hab Verano Ll,14252,9
146238,12,De Las Torres,14250,9
146239,12,Geovillas San Miguel,14250,9
146240,12,Tlalpan 2000,14250,9
146241,12,Vista Bella,14250,9
146242,12,Lomas Del Pedregal Cuchilla De Padierna,14220,9
146243,12,Lomas Hidalgo,14240,9
146244,12,Cultura Maya Lopez Portillo,14230,9
146245,12,Los Encinos,14239,9
146246,12,Chichicaspatl,14100,9
146247,12,Sector Xvll,14100,9
146248,12,Bosques Del Pedregal,14738,9
146249,12,Rcon Don Felipe,14100,9
146250,12,Pedregal De San Nicolas 5A Secc,14100,9
146251,12,2 De Octubre,14739,9
146252,12,Lomas Altas De Padierna Sur,14740,9
146253,12,Lomas Del Pegregal,14220,9
146254,12,Mirador L (Rincon Mirador L ),14748,9
146255,12,Bosque De Tepeximilpa,14420,9
146256,12,Cuchilla Ampl Tepeximilpa,14440,9
146257,12,Diamante,14420,9
146258,12,El Fresno,14250,9
146259,12,La Primavera,14270,9
146260,12,Loma Bonita,14440,9
146261,12,Peque�a Tepeximilpa,14440,9
146262,12,Roca De Cristal,14420,9
146263,12,San Juan Tepeximilpa,14427,9
146264,12,Sevimex Tepeximilpa,14440,9
146265,12,Tepetongo,14420,9
146266,12,Anexos Mesa Los Hornos,14420,9
146267,12,Mesa Los Hornos,14420,9
146268,12,Texcaltenco,14426,9
146269,12,Conjunto Hab Jose Vasconcelos,14429,9
146270,12,Santisima Trinidad,14429,9
146271,12,Tepeximilpa La Paz,14427,9
146272,12,Tlaxcaltenco De La Mesa,14426,9
146273,12,Mirador 3A Secc,14449,9
146274,12,Paraje De Temastititla,14429,9
146275,12,Cumbres De Tepetongo,14420,9
146276,12,Fuentes De Cantera,14440,9
146277,12,San Jose Tepeximilpa,14440,9
146278,12,Cruz Del Farol,14248,9
146279,12,La Cima Pedregal,14250,9
146280,12,Paseos Del Ajusco,14250,9
146281,12,Pia Anona,14250,9
146282,12,Temascalillo,14248,9
146283,12,Vistas De Picacho,14250,9
146284,12,El Zacaton,14738,9
146285,12,Paraje 38,14275,9
146286,12,San Andres Totoltepec Ii,14725,9
146287,12,Verano,14276,9
146288,12,Vergel De Coyoacan,14340,9
146289,12,Floresta Coyoacan,14310,9
146290,12,Vergel Del Sur,14340,9
146291,12,Jardines Coapa,14340,9
146292,12,Prado Coapa 2A Seccion,14357,9
146293,12,Prado Coapa 1A Seccion,14350,9
146294,12,Vergel Coapa,14320,9
146295,12,Nueva Oriental Coapa,14300,9
146296,12,Plaza Coapa,14390,9
146297,12,Residencial Acoxpa,14300,9
146298,12,Miramontes Acoxpa,14300,9
146299,12,Coapa 2A Seccion,14390,9
146300,12,Granjas Coapa,14330,9
146301,12,Be Grand,14330,9
146302,12,Magisterial Coapa,14360,9
146303,12,Residencial Vivarte,14330,9
146304,12,Sauzales Cebadales,14334,9
146305,12,El Juncal,14330,9
146306,12,Villa Del Puente Fovissste,14335,9
146307,12,Urbano Cuemanco,14336,9
146308,12,Ignacio Chavez,14339,9
146309,12,Hueso Periferico,14338,9
146310,12,Rinconada Coapa 1A Seccion,14330,9
146311,12,Villa Cuemanco,14360,9
146312,12,Residencial Cafetales,14330,9
146313,12,Loteria Tenorios Fovissste,14329,9
146314,12,Tenorios Fovissste,14329,9
146315,12,Tenorios Infonavit 2,14327,9
146316,12,Tenorios Infonavit 1,14326,9
146317,12,Tres Fuentes,14309,9
146318,12,Real Del Sur,14308,9
146319,12,Villa Del Sur,14390,9
146320,12,Prado Coapa 3A Seccion,14357,9
146321,12,Villa Coapa,14390,9
146322,12,San Lorenzo Huipulco,14370,9
146323,12,Villa Lazaro Cardenas,14370,9
146324,12,Fuentes Coapa,14390,9
146325,12,Plaza Del Oro,14399,9
146326,12,Villa Royale,14399,9
146327,12,Rincon Las Hadas,14390,9
146328,12,Potrero Acoxpa,14300,9
146329,12,Arboledas Del Sur,14376,9
146330,12,Acueducto Tlalpan,14370,9
146331,12,Arenal De Guadalupe,14389,9
146332,12,Conjunto Habitacional Azteca,14370,9
146333,12,Seccion Xvi,14080,9
146334,12,Chimali,14370,9
146335,12,Misiones Tlalpan,14376,9
146336,12,Ex Hacienda San Juan De Dios,14380,9
146337,12,Rinconada,14380,9
146338,12,Hacienda San Juan,14377,9
146339,12,Rancho Los Colorines,14386,9
146340,12,Rincon Tlalpan,14377,9
146341,12,Amsa,14380,9
146342,12,Escala Residencial,14380,9
146343,12,Guadalupe Tlalpan,14388,9
146344,12,Ni�o Jesus,14080,9
146345,12,Puerta Tepepan,14610,9
146346,14,Alamos,03400,9
146347,14,Antenor Sala,03010,9
146348,14,Atenor Salas,03010,9
146349,14,Narvarte Oriente,03023,9
146350,14,Piedad Narvarte,03000,9
146351,14,Narvarte Poniente,03020,9
146352,14,Imss Narvarte,03020,9
146353,14,Postal,03410,9
146354,14,Josefa Ortiz De Dominguez,03430,9
146355,14,Miguel Aleman,03420,9
146356,14,Ni�os Heroes De Chapultepec,03440,9
146357,14,Del Valle Norte,03103,9
146358,14,Del Valle Centro,03100,9
146359,14,Insurgentes San Borja,03100,9
146360,14,Vertiz Narvarte,03600,9
146361,14,Independencia,03630,9
146362,14,Periodista (Periodista Francisco Zarco),03620,9
146363,14,Americas Unidas,03610,9
146364,14,Del Lago,03640,9
146365,14,Tlacoquemecatl (Tlacoquemecatl Del Valle),03200,9
146366,14,Del Valle Sur,03104,9
146367,14,San Simon Ticumac,03660,9
146368,14,Del Carmen (Ma Del Carmen),03540,9
146369,14,Nativitas,03500,9
146370,14,Zacahuitzco,03550,9
146371,14,Letran Valle,03650,9
146372,14,Sta Cruz Atoyac,03310,9
146373,14,Albert,03560,9
146374,14,Napoles,03810,9
146375,14,San Pedro De Los Pinos,03800,9
146376,14,8 De Agosto,03820,9
146377,14,Unidad Habitacional 8 De Agosto,03820,9
146378,14,Ampliacion Napoles,03840,9
146379,14,Ciudad De Los Deportes,03710,9
146380,14,Moderna,03510,9
146381,14,Iztaccihuatl,03520,9
146382,14,Villa De Cortes,03530,9
146383,14,Santa Maria Nonoalco (Nonoalco),03700,9
146384,14,Noche Buena,03720,9
146385,14,Extremadura Insurgentes,03740,9
146386,14,Mixcoac,03910,9
146387,14,Insurgentes Mixcoac,03920,9
146388,14,Centro Urbano Presidente Aleman,03104,9
146389,14,Acacias,03240,9
146390,14,Actipan,03230,9
146391,14,San Jose Insurgentes,03900,9
146392,14,Merced Gomez,03930,9
146393,14,Credito Constructor,03940,9
146394,14,Miravalle,03580,9
146395,14,Ermita,03590,9
146396,14,Portales Norte,03303,9
146397,14,Portales Oriente,03570,9
146398,14,Residencial Emperadores,03320,9
146399,14,Portales Sur,03300,9
146400,14,Xoco,03330,9
146401,14,General Pedro Maria Anaya (General Anaya),03340,9
146402,10,Belen De Las Flores,01110,9
146403,10,Estado De Hidalgo,01120,9
146404,10,Abc,01120,9
146405,10,Las Americas,01120,9
146406,10,Campo Deportivo Revolucion,01120,9
146407,10,Jose Maria Pino Suarez,01140,9
146408,10,Molino De Santo Domingo,01130,9
146409,10,Santa Fe,01210,9
146410,10,Boscoso,01220,9
146411,10,Desarrollo Santa Fe,01220,9
146412,10,El Cuernito,01220,9
146413,10,Fraccionamiento Real Del Bosque,01220,9
146414,10,La Palmita,01260,9
146415,10,Las Cuevitas,01220,9
146416,10,Residencial Romanza,01220,9
146417,10,Santa Fe Belen,01110,9
146418,10,Zenon Delgado,01220,9
146419,10,Liberales De 1857,01110,9
146420,10,Bella Vista,01140,9
146421,10,Cove,01120,9
146422,10,Sears Roebuck,01120,9
146423,10,Lomas De Santo Domingo,01130,9
146424,10,Real Del Monte,01130,9
146425,10,Reacomodo Pino Suarez,01140,9
146426,10,El Paraiso,01130,9
146427,10,Polvora,01100,9
146428,10,El Bosque,01150,9
146429,10,El Bosque 2Da Seccion,01150,9
146430,10,Tolteca,01150,9
146431,10,Cristo Rey,01150,9
146432,10,1Ra Victoria,01160,9
146433,10,1Ra Victoria Seccion Bosques,01160,9
146434,10,El Bosque Seccion Torres,01140,9
146435,10,La Central,01180,9
146436,10,Torres San Pedro,01180,9
146437,10,Ocho De Agosto,01180,9
146438,10,Be Grand Lomas,01300,9
146439,10,Bejero Del Pueblo Santa Fe,01340,9
146440,10,Carlos A Madrazo,01320,9
146441,10,Lomas De Santa Fe,01210,9
146442,10,Paseo De Las Lomas,01330,9
146443,10,San Gabriel,01310,9
146444,10,Santa Fe Pe�a Blanca,01376,9
146445,10,Gral Antonio Rosales,01230,9
146446,10,Tlapechico,01230,9
146447,10,2Da Ampl El Pirul,01230,9
146448,10,El Pirul,01520,9
146449,10,La Huerta,01230,9
146450,10,Margarita M De Juarez,01250,9
146451,10,Lomas De Nuevo Mexico,01250,9
146452,10,La Mexicana,01260,9
146453,10,Ampl La Mexicana,01260,9
146454,10,La Ca�ada 1Ra Seccion,01269,9
146455,10,La Ca�ada 2Da Seccion,01260,9
146456,10,Lomas De Becerra,01279,9
146457,10,Arturo Martinez,01200,9
146458,10,Bonanza,01220,9
146459,10,Martires De Tacubaya,01220,9
146460,10,Maria G De Garcia Ruiz,01220,9
146461,10,Santa Fe Imss,01170,9
146462,10,Abraham Gonzalez,01170,9
146463,10,Predio El Charro,01270,9
146464,10,Calzada Jalalpa,01260,9
146465,10,Jalalpa,01296,9
146466,10,Liberacion Proletaria,01260,9
146467,10,La Cebadita,01260,9
146468,10,Ladera Grande O La Cebadita,01250,9
146469,10,Pueblo Nuevo,01240,9
146470,10,Tecolalco,01250,9
146471,10,Campo De Tiro Los Gamitos,01230,9
146472,10,Los Gamitos,01230,9
146473,10,Jalalpa Tepito 2A Ampl,01296,9
146474,10,Desarrollo Urbano,01290,9
146475,10,Villa Solidaridad,01290,9
146476,10,Tejocote,01270,9
146477,10,El Piru,01520,9
146478,10,Presidentes,01290,9
146479,10,La Presa Seccion Hornos,01270,9
146480,10,Lomas De Capula,01270,9
146481,10,El Pocito,01280,9
146482,10,Francisco Villa (Las Butacas),01280,9
146483,10,Arvide,01280,9
146484,10,Carola,01180,9
146485,10,Alfonso Xiii,01460,9
146486,10,Parque San Antonio,01180,9
146487,10,Sacramento,01419,9
146488,10,Torres San Antonio,01180,9
146489,10,Lomas De Becerra Arvide,01280,9
146490,10,Reacomodo El Cuernito,01280,9
146491,10,Barrio Norte,01410,9
146492,10,Las Golondrinas 1Ra Seccion,01270,9
146493,10,Las Golondrinas,01270,9
146494,10,Minas De Cristo Rey,01419,9
146495,10,Olivar Del Conde 1Ra Seccion,01419,9
146496,10,Las Golondrinas 2Da Seccion,01270,9
146497,10,Piloto (Adolfo Lopez Mateos),01298,9
146498,10,Presidentes 2Da Ampl,01299,9
146499,10,Piloto (A L Mateos),01290,9
146500,10,Jalalpa El Grande,01377,9
146501,10,Olivar Del Conde 2Da Seccion,01400,9
146502,10,Preconcreto,01400,9
146503,10,Galeana,01407,9
146504,10,Colinas Del Sur,01430,9
146505,10,Garcimarrero Norte,01510,9
146506,10,Gral Valentin Gomez Farias,01210,9
146507,10,La Loma (La Loma Santa Fe),01260,9
146508,10,Residencial Del Sur,01530,9
146509,10,Santa Maria Nonoalco,01420,9
146510,10,Alfalfar,01470,9
146511,10,Benvenuto Cellini,01460,9
146512,10,Molino De Rosas,01470,9
146513,10,Torres De Mixcoac,01490,9
146514,10,La Cascada,01490,9
146515,10,Lomas De Plateros,01480,9
146516,10,Hogar Y Redencion,01450,9
146517,10,Batallon De San Patricio,01470,9
146518,10,Ca�ada Del Olivar,01400,9
146519,10,Union Popular Emiliano Zapata,01400,9
146520,4,Cruz Blanca,05700,9
146521,4,La Pila,05750,9
146522,4,Puerto Las Cruces,05730,9
146523,4,Xalpa,05730,9
146524,4,Zona Fed,05700,9
146525,4,Lomas Del Chamizal,05129,9
146526,4,Palo Alto (Granjas) O Coop Palo Alto,05110,9
146527,4,Jardines De La Palma (Huizachito),05100,9
146528,4,Lomas De Vista Hermosa,05100,9
146529,4,Navidad (Granjas De Navidad),05210,9
146530,4,Residencial Cumbres De Reforma,05110,9
146531,4,Navidad,05210,9
146532,4,El Ebano,05230,9
146533,4,Retama(Huixquilucan),05210,9
146534,4,San Jose De Los Cedros,05200,9
146535,4,Provincial Vista Hermosa,05210,9
146536,4,Palma Escondida,05100,9
146537,4,Encinos,05120,9
146538,4,La Jolla,05110,9
146539,4,Las Tejas,05110,9
146540,4,Laureles,05120,9
146541,4,Nochebuena,05120,9
146542,4,Piracantos,05120,9
146543,4,Privada De Tejocotes,05110,9
146544,4,Royal Reforma,05100,9
146545,4,Secoyas,05120,9
146546,4,Floresta,05220,9
146547,4,Jesus Del Monte,05260,9
146548,4,Parque Cuajimalpa,05220,9
146549,4,Ahuatenco,05039,9
146550,4,Cuajimalpa,05000,9
146551,4,Amado Nervo,05269,9
146552,4,Lothorien,05270,9
146553,4,Manzanastitla,05270,9
146554,4,Condominios Fresnos Y Bugambilias,05260,9
146555,4,Conjunto La Plazuela,05200,9
146556,4,Nueva Rosita,05238,9
146557,4,Colorines Iv,05200,9
146558,4,Alcazar,05340,9
146559,4,Antigua,05340,9
146560,4,Aviara,05340,9
146561,4,Cruz Manca,05340,9
146562,4,El Contadero,05500,9
146563,4,Giralta,05340,9
146564,4,Grand Santa Fe,05240,9
146565,4,La Rosita,05340,9
146566,4,Reforma Santa Fe,05340,9
146567,4,San Mateo Tlaltenango,05600,9
146568,4,Santa Fe Cuajimalpa,05340,9
146569,4,Vista Del Campo,05500,9
146570,4,El Molinito,05310,9
146571,4,El Yaqui,05320,9
146572,4,Memetla,05330,9
146573,4,Agua Bendita,05780,9
146574,4,Lomas De Memetla,05330,9
146575,4,"Bosques I, Ii, Iii",05600,9
146576,4,Cumbres De Santa Fe,05600,9
146577,4,Santa Fe I,05600,9
146578,4,Santa Fe Ii,05600,9
146579,4,Torre Alta,05600,9
146580,4,Villas De La Ca�ada,05600,9
146581,4,Ampliacin Memetla,05330,9
146582,4,Isola Santa Fe,05730,9
146583,4,Las Campanas,05330,9
146584,4,Las Tinajas,05370,9
146585,4,Loma Del Ocote,05370,9
146586,4,Lomas De San Pedro,05370,9
146587,4,Mediterranea,05730,9
146588,4,Oporto,05330,9
146589,4,Scala Santa Fe,05730,9
146590,4,Abdias Garcia Soto,05530,9
146591,4,Zentlapatl,05010,9
146592,4,San Pablo Chimalpa,05050,9
146593,4,Loma Del Padre,05020,9
146594,4,San Lorenzo Acopilco,05410,9
146595,4,Bosques De Cedros,05500,9
146596,4,Haciendas Contadero,05500,9
146597,4,Locaxco,05630,9
146598,4,Las Lajas,05760,9
146599,4,Las Maromas,05710,9
146600,4,1 De Mayo,05710,9
146601,4,El Tianguillo,05400,9
146602,4,Santa Rosa Xochiac,01830,9
146603,10,Corpus Christy 2O Reac,01530,9
146604,10,Union Olivos,01530,9
146605,10,Ampl Ave Real,01550,9
146606,10,Garcimarrero,01510,9
146607,10,Universal San Lorenzo,01530,9
146608,10,Antonio Carrillo Flores,01530,9
146609,10,Tepopotla,01538,9
146610,10,19 De Mayo,01388,9
146611,10,Tlayapaca,01389,9
146612,10,Membrillo Santa Lucia,01500,9
146613,10,Sta Lucia-Reac,01500,9
146614,10,Corpus Christy,01530,9
146615,10,Arboledas Politoco,01530,9
146616,10,Ampl Estado De Hidalgo,01510,9
146617,10,Ampl Los Pirules,01520,9
146618,10,Colinas Santa Fe,01500,9
146619,10,Corpus Christy Ampl Xocomecatla,01530,9
146620,10,El Piru Santa Lucia,01520,9
146621,10,La Ara�a,01510,9
146622,10,Los Cedros,01510,9
146623,10,Arcos De Centenario,01618,9
146624,10,Canutillo,01560,9
146625,10,Canutillo 3Ra Seccion,01560,9
146626,10,Exhacienda De Tarango,01618,9
146627,10,Hueytlale,01560,9
146628,10,La Martinica,01619,9
146629,10,Loma Nueva,01620,9
146630,10,Lomas De Tarango,01620,9
146631,10,Privada Centenario,01430,9
146632,10,Canutillo Predio La Presa,01560,9
146633,10,Ampl Tepeaca,01550,9
146634,10,Canutillo (Aguascalientes),01560,9
146635,10,Ave Real,01560,9
146636,10,Tepeaca,01550,9
146637,10,Balcones De Cehuayo,01540,9
146638,10,Emancipacion Del Pueblo,01550,9
146639,10,Punta De Cehuayo,01540,9
146640,10,Unidad Popular Tepeaca,01550,9
146641,10,Acuilotla,01539,9
146642,10,Cehuayo,01540,9
146643,10,Col Cooperativa Cehuayo,01540,9
146644,10,Dos Rios,01530,9
146645,10,Santa Lucia-Predio El Corazon,01500,9
146646,10,Arturo Gamiz,01500,9
146647,10,Atlamaxac,01580,9
146648,10,Miguel Gaona Armenta,01500,9
146649,10,Predio Tierra Nueva,01500,9
146650,10,Uvac,01530,9
146651,10,Cedro Chico,01500,9
146652,10,Milpa Del Cedro,01500,9
146653,10,Tetlalpan,01500,9
146654,10,Rinconada Las Cuevitas (Prados La Providencia),01540,9
146655,10,Llano Redondo,01550,9
146656,10,Villa Progresista,01548,9
146657,10,3 Bosques,01580,9
146658,10,Aguilas Barrioco,01580,9
146659,10,Bosques De Tarango,01580,9
146660,10,Ejido San Mateo,01580,9
146661,10,El Rincon,01590,9
146662,10,Tarango Hills,01580,9
146663,10,Centenario 300,01600,9
146664,10,Poder Popular,01600,9
146665,10,Colinas De Tarango,01620,9
146666,10,Colinas De Tarango (Conciencia Proletaria),01630,9
146667,10,Las Aguilas 2Do Parque,01750,9
146668,10,Lomas De Tarango Ii,01620,9
146669,10,Las Aguilas Secc Hornos,01710,9
146670,10,De Tarango,01619,9
146671,10,Metropolitano,01630,9
146672,10,Ponciano Arriaga,01640,9
146673,10,Prof Jose Arturo Lopez,01620,9
146674,10,Tarango 4 Sur,01620,9
146675,10,Tarango Zona Norte,01620,9
146676,10,Union Popular Francisco Villa,01630,9
146677,10,La Pera Xochinahuac,01630,9
146678,10,Heron Proal,01640,9
146679,10,Lomas De Puerta Grande,01630,9
146680,10,Juristas,01650,9
146681,10,Lomas De Centenario,01640,9
146682,10,Puerta Grande,01640,9
146683,10,2Do Reacomodo Tlacuitlapa,01650,9
146684,10,Aguilas 1Er Y 2Do Parque,01759,9
146685,10,Aguila Real,01710,9
146686,10,Aguilas 3Er Parque,01710,9
146687,10,Puente Colorado,01730,9
146688,10,Palmas Axotitla,01650,9
146689,10,Zotoltitla,01650,9
146690,10,Tlacuitlapa,01650,9
146691,10,La Milagrosa,01650,9
146692,10,El Ruedo,01650,9
146693,10,Jardin,01580,9
146694,10,Oikos De Tarango,01580,9
146695,10,Rancho Casa Blanca,01550,9
146696,10,Rincon De Centenario,01590,9
146697,10,Vista Lomas De Mixcoac,01580,9
146698,10,Lomas De Las Aguilas,01730,9
146699,10,Las Haciendas,01720,9
146700,10,Lomas De Axomiatla,01720,9
146701,10,Mayorazgo De Las Haciendas,01720,9
146702,10,Villa Verdun,01810,9
146703,10,Rancho San Francisco (San Bartolo Ameyalco),01807,9
146704,10,Hda De Tarango,01580,9
146705,10,Misiones De Tarango,01580,9
146706,10,Real De Tarango,01580,9
146707,7,Real Del Moral,09010,9
146708,7,Dr Alfonso Ortiz Tirado,09020,9
146709,7,Paseos De Churubusco,09030,9
146710,7,Leyes De Reforma 3A Seccion,09310,9
146711,7,Cuchillas Del Moral,09319,9
146712,7,Guadalupe Del Moral,09300,9
146713,7,Margarita Maza De Juarez,09330,9
146714,7,Leyes De Reforma 2A Seccion,09310,9
146715,7,Leyes De Reforma 1Ra Seccion,09310,9
146716,7,Vicentina,09340,9
146717,7,Granjas San Antonio,09070,9
146718,7,San Ignacio,09000,9
146719,7,La Norma,09300,9
146720,7,Eva Samano De Lopez Mateos,09359,9
146721,7,Gavilan,09360,9
146722,7,Gama Gavilan,09360,9
146723,7,Sta Isabel Industrial,09810,9
146724,7,Central De Abastos,09040,9
146725,7,Fraccionamiento Tecorrales,09000,9
146726,7,Vicente Guerrero,09200,9
146727,7,La Regadera,09250,9
146728,7,San Felipe Terremotes,09370,9
146729,7,Albarrada Sur,09370,9
146730,7,Urbano Plutarco Elias Calles,09250,9
146731,7,Iztapalapa,09250,9
146732,7,Ricardo Flores Magon,09820,9
146733,7,Ampl Los Reyes,09840,9
146734,7,El Santuario,09829,9
146735,7,Valle Del Sur,09819,9
146736,7,San Antonio Culhuacan,09800,9
146737,7,Culhuacan,09800,9
146738,7,2A Seccion Valle De Luces,09800,9
146739,7,Valle De Luces,09800,9
146740,7,Parque Nacional Cerro De La Estrella,09850,9
146741,7,Pri,09310,9
146742,7,Santa Maria Del Monte,09850,9
146743,7,8Va De San Miguel,09830,9
146744,7,El Manto,09830,9
146745,7,Plan De Iguala,09830,9
146746,7,Joyas De San Lorenzo,09830,9
146747,7,Paraje San Juan,09830,9
146748,7,Real De San Juan,09830,9
146749,7,San Juan Cerro,09856,9
146750,7,Lomas Del Manto,09830,9
146751,7,Mafafa,09830,9
146752,7,Estado De Veracruz,09856,9
146753,7,Fuego Nuevo,09800,9
146754,7,Veracruzana,09856,9
146755,7,Justo Sierra,09830,9
146756,7,Camino Viejo,09830,9
146757,7,Paraje San Juan 2A Amp,09830,9
146758,7,San Lorenzo Tezonco I,09860,9
146759,7,San Juan Xalpa,09850,9
146760,7,El Roble,09850,9
146761,7,Nautla 3 Casitas,29850,9
146762,7,Amanecer Del Arenal,09850,9
146763,7,Girasoles,09850,9
146764,7,San Simon Culhuacan,09800,9
146765,7,Tula,09800,9
146766,7,Estrella Culhuacan,09800,9
146767,7,Santa Maria Tomatlan,09870,9
146768,7,Espa�a,09880,9
146769,7,Granjas Estrella (San Nicolas Tolentino),09880,9
146770,7,Lomas Estrella 1A Secc,09890,9
146771,7,Lomas Estrella Iii,09890,9
146772,7,Trabajadores De Pesca,09880,9
146773,7,Bosques De Iztapalapa,09880,9
146774,7,Bertha Von Bloumer,09860,9
146775,7,San Juan Xalpa (Popular Oriente),09850,9
146776,7,Alcanfores,09860,9
146777,7,San Lorenzo Tezonco Ii,09860,9
146778,7,Canal De Garay,09860,9
146779,7,Casa Blanca,09860,9
146780,7,Cipreces Del Sur,09860,9
146781,7,Bellavista,09860,9
146782,7,Plazas Estrella,09860,9
146783,7,Bilbao,09860,9
146784,7,Rio Blanco,09860,9
146785,7,12 De Diciembre,09870,9
146786,7,San Andres Tomatlan,09870,9
146787,7,Villas Estrella,09890,9
146788,7,Estado De Anahuac,09880,9
146789,7,Granjas Estrella,09880,9
146790,7,San Francisco De Asis,09880,9
146791,7,Mayorazgo,09860,9
146792,7,Rinconada Estrella,09860,9
146793,7,Viva Sur,09860,9
146794,7,Comunidad Guadalupana,09860,9
146795,7,Marbella,09890,9
146796,7,Fuentes De Siracusa,09890,9
146797,7,Carlos Jonguitud Barrios,09890,9
146798,7,Estrella Del Sur,09880,9
146799,7,Venecia,09890,9
146800,7,Gavilan I,09360,9
146801,7,Gavilan Ii,09360,9
146802,7,Alborada,09360,9
146803,7,Conjunto Habitacional Gavilan,09360,9
146804,7,Amanecer Canal De Garay,09850,9
146805,7,Sabadell,09850,9
146806,7,Las Rosas,09850,9
146807,7,Plaza Estrella Ii,09850,9
146808,3,Prado Churubusco,04230,9
146809,3,Hermosillo,04240,9
146810,3,Paseos De Taxque�a,04250,9
146811,3,La Magdalena Culhuacan,04260,9
146812,3,San Juan Culhuacan,04260,9
146813,3,Santa Martha Del Sur,04270,9
146814,3,Petrolera Taxque�a,04410,9
146815,3,Taxque�a,04280,9
146816,3,San Francisco Culhuacan,04260,9
146817,3,San Francisco Culhuacan(Ejidos De Culhuacan),04420,9
146818,3,Ctm Culhuacan,04480,9
146819,3,Ctm V Culhuacan,04480,9
146820,3,Infonavit Culhuacan Zona 1(Ctm I Culhuacan),04480,9
146821,3,Ctm Vii Culhuacan,04480,9
146822,3,La Virgen 1170,04480,9
146823,3,Piloto Culhuacan,04490,9
146824,3,Infonavit Culhuacan Zona 2(Ctm Ii Culhuacan),04480,9
146825,3,Ejidos De San Francisco Culhuacan(Ex Ejido De San Francisco Culhuacan),04420,9
146826,3,Ejidos San Francisco Culhuacan(Ex Ejido De San Francisco Culhuacan),04420,9
146827,3,Presidentes Ejidales,04470,9
146828,3,Croc Culhuacan Secc 6(Ctm Vi Culhuacan),04480,9
146829,3,Ctm Vi Culhuacan,04480,9
146830,3,Invi 78,04470,9
146831,3,Para Investigadores Del Instituto Nacional De Cardiologia Ignacio Chavez,04480,9
146832,3,Presidentes Ejidales 2A Seccion,04470,9
146833,3,Infonavit Culhuacan Zona 3(Ctm Iii Culhuacan Seccion Vi),04480,9
146834,3,Alianza Popular Revolucionaria,04800,9
146835,3,Infonavit Culhuacan Zona 18(Uhab Ctm X-A Culhuacan),04480,9
146836,3,Stunam Culhuacan(U Hab Ctm Viii Culhuacan) (San Francico Culhuacan),04908,9
146837,3,Popular Emiliano Zapata,04919,9
146838,3,Ex Ejido San Pablo Tepetlapa,04900,9
146839,3,Ctm Viia Culhuacan,04480,9
146840,3,Ctm Viii Culhuacan,04480,9
146841,3,Cafetales I,04930,9
146842,3,Campestre Coyoacan,04890,9
146843,3,Los Girasoles Ii,04920,9
146844,3,Los Sauces,04940,9
146845,3,Ctm Ix Culhuacan,04480,9
146846,3,Ctm Ixa Culhuacan,04480,9
146847,3,Uh Ctm Culhuacan Seccion Ixb Zona 32-33,04480,9
146848,3,Canal Nacional,04909,9
146849,3,Cafetales Ii,04930,9
146850,3,Villa Quietud,04960,9
146851,3,Ctm X Culhuacan,04490,9
146852,3,Haciendas De Coyoacan,04970,9
146853,3,Los Girasoles I,04920,9
146854,3,Barrio San Juan Culhuacan,04260,9
146855,7,Mexicaltzingo,09099,9
146856,7,Minerva,09820,9
146857,7,Progreso Del Sur,09810,9
146858,7,Granjas Esmeralda,09810,9
146859,7,Apatlaco,09430,9
146860,7,Magdalena Atlazolpa,09410,9
146861,7,Purisima Atlazolpa,09429,9
146862,7,Los Picos Vi B,09420,9
146863,7,San Jose Aculco,09410,9
146864,7,Aculco,09410,9
146865,7,La Nueva Rosita,09420,9
146866,7,El Triunfo,09438,9
146867,7,Jardines De Churubusco,09410,9
146868,7,El Sifon,09400,9
146869,7,San Juanico Nextipac,09400,9
146870,7,El Reto�o,09440,9
146871,7,San Andres Tetepilco,09440,9
146872,7,Escuadron 201,09060,9
146873,7,Sector Popular,09060,9
146874,7,Unidad Modelo,09089,9
146875,7,Sinatel,09470,9
146876,7,Banjidal,09450,9
146877,7,Heroes De Churubusco,09099,9
146878,7,Cacama,09080,9
146879,7,Xopa,09080,9
146880,7,El Prado,09480,9
146881,7,Sideral,09320,9
146882,7,Juan Escutia,09100,9
146883,7,Tepalcates,09210,9
146884,7,Chinampac De Juarez,09208,9
146885,7,U H Ejto Constitucionalista,09220,9
146886,7,Rotaria,09220,9
146887,7,Campamento Morelos Balli,09220,9
146888,7,Conjunto Integrara Zaragoza Ii A,09210,9
146889,7,Integrara Zaragoza Ii B,09210,9
146890,7,U H Ejto De Ote Ii,09230,9
146891,7,Voceadores,09120,9
146892,7,Sn Lorenzo Xicotencatl,09130,9
146893,7,Zu Sta Martha Acatitla Nte,09140,9
146894,7,Adame Macias,09510,9
146895,7,Solidaridad El Salado,09160,9
146896,7,Texcoco El Salado,09510,9
146897,7,Concordia Zaragoza,09510,9
146898,7,Ermita Zaragoza,09180,9
146899,7,Fuentes De Zaragoza,09510,9
146900,7,La Colmena,09170,9
146901,7,Santa Martha Acatitla,09510,9
146902,7,Campamento 15 De Septiembre,09180,9
146903,7,Predio Luis Donaldo Colosio,09180,9
146904,7,El Oasis,09180,9
146905,7,Paraiso,09230,9
146906,7,Pe�on Viejo,09230,9
146907,7,Jose Ma Morelos Y Pavon,09230,9
146908,7,Ejercito De Oriente,09230,9
146909,7,Carlos Pacheco,09230,9
146910,7,San Sebastian Tecoloxtitlan,09520,9
146911,7,Santa Martha Acatitla Sur,09510,9
146912,7,El Eden,09520,9
146913,7,Ni�os Heroes,09510,9
146914,7,Cabeza De Juarez Iv,09230,9
146915,7,Cabeza De Juarez V,09230,9
146916,7,Ejercito De Agua Prieta,09578,9
146917,7,Ignacio Zaragoza (Helechos),09230,9
146918,7,Mariel Huerta Zamacona,09230,9
146919,7,Renovacion,09209,9
146920,7,Reforma Educativa,09219,9
146921,7,Ejercito Constitucionalista,09220,9
146922,7,Purisima I,09340,9
146923,7,Santa Maria Aztahuacan,09500,9
146924,7,Paraje Zacatepec,09560,9
146925,7,Morelos 49,09560,9
146926,7,Morelos 55,09560,9
146927,7,Monte Alban,09550,9
146928,7,Albarrada Norte,09370,9
146929,7,Herminio Chavarria,09500,9
146930,7,Jalisco,09500,9
146931,7,Ojito De Agua,09500,9
146932,7,U Dos Ejercito De Agua Prieta,09230,9
146933,7,Union Civica Iztapalapa (Uci),09230,9
146934,7,Art 4To Constitucional,09230,9
146935,7,Lucio Blanco,09720,9
146936,7,Las Pe�as Ii,09750,9
146937,7,Brigada Morelos I,09700,9
146938,7,Matamoros,09700,9
146939,7,Reforma Politica,09730,9
146940,7,Citlalli,09660,9
146941,7,1A Ampliacion Santiago Acahualtepec,09608,9
146942,7,Santiago Acahualtepec,09600,9
146943,7,Lomas De Zaragoza,09620,9
146944,7,Las Rocas,09660,9
146945,7,Teatinos,09660,9
146946,7,Fuerte De Loreto,09230,9
146947,7,La Antena (Jose Revueltas),09230,9
146948,7,La Antenita,09578,9
146949,9,Tecaxtitla,12100,9
146950,9,Paraje Tehutli,12100,9
146951,9,Tenantitla,12100,9
146952,9,Xaltipac,12100,9
146953,9,Xochitepec,12100,9
146954,9,Las Joyas Parte Alta,12100,9
146955,9,Noxcalco,12100,9
146956,9,Atlahuitonca,12100,9
146957,9,San Francisco Tecoxpa,12700,9
146958,9,San Juan Tepenahuac,12800,9
146959,9,Tecpallo,12800,9
146960,9,Xicalhuacan,12700,9
146961,9,Nushtla,12200,9
146962,9,Paraje Tepetenco,12000,9
146963,9,Tehutli,12200,9
146964,9,San Agustin Ohtenco,12080,9
146965,9,San Jeronimo Miacatlan,12600,9
146966,9,Cuacaltongo,12600,9
146967,9,Guadalupita,12900,9
146968,9,La Luz,12000,9
146969,9,Texalco,12000,9
146970,9,El Encinal,12900,9
146971,9,Santa Ana Tlacotenco,12900,9
146972,9,San Lorenzo Tlacoyucan,12500,9
146973,9,Axayatipac,12200,9
146974,9,Panchimalco,12200,9
146975,9,San Pedro Atocpan,12200,9
146976,9,San Bartolome Xicomulco,12250,9
146977,9,Copexalco,12250,9
146978,9,Huicalco,12250,9
146979,9,Santa Cecilia Tepetlapa,16880,9
146980,9,Paraje Cuilotepec,12400,9
146981,9,Coximalipa,12400,9
146982,9,Tezumpa,12400,9
146983,9,Zebadatla,12400,9
146984,9,San Pablo Oztotepec,12400,9
146985,9,Paraje Xoctongo,12000,9
146986,9,San Salvador Cuauhtenco,12300,9
146987,9,Tlacoxtepec,12300,9
146988,9,Colonia San Marcos Copalhuacan,12300,9
146989,9,Mecalca,12300,9
146990,9,Oluca,12300,9
146991,9,Paraje Copalhuacan,12300,9
146992,9,Paraje Texotitla,12300,9
146993,9,Tepexomulco,12300,9
146994,13,Ayecatl,16040,9
146995,13,Santiago Chililico,16080,9
146996,13,La Santisima,16080,9
146997,13,Caltongo,16090,9
146998,13,Pichocoxpa,16080,9
146999,13,Santa Rosa Chililico,16080,9
147000,13,El Recodo De Caltongo,16090,9
147001,13,San Francisco Caltongo,16090,9
147002,13,Zacapa,16090,9
147003,13,San Gregorio Atlapulco,16600,9
147004,13,San Juan Moyotepec,16600,9
147005,13,Justicia Social,16710,9
147006,13,Santiaguito Tulyehualco Barrio Del Artista,16720,9
147007,13,Las Animas Tulyehualco,16749,9
147008,13,Tulyehualco Centro,16700,9
147009,13,Los Cerrillos Los Angeles,16780,9
147010,13,San Felipe,16500,9
147011,13,Los Cerrillos 3,16780,9
147012,13,San Francisco Chiquimola,16780,9
147013,13,Chichicaxtla,16780,9
147014,13,Nochicala,16610,9
147015,13,Tecoloxtitla,16780,9
147016,13,San Juan Minas,16600,9
147017,13,Barrio El Mirador,16500,9
147018,13,Santa Cruz Acalpixca,16500,9
147019,13,Fuentes,16500,9
147020,13,La Gallera,16500,9
147021,13,Tiras De Zacapa,16090,9
147022,13,Agatopan,16080,9
147023,13,Atexcapa,16080,9
147024,13,Atlicolco,16080,9
147025,13,San Cristobal,16080,9
147026,13,Xaltocan,16090,9
147027,13,Gardenias,16090,9
147028,13,Santa Maria Nativitas,16450,9
147029,13,Xochipilli,16430,9
147030,13,Bosques De La Paz,16500,9
147031,13,Lomas Tehuixtitla,16510,9
147032,13,San Jose Obrero,16500,9
147033,13,Tecacalanco,16510,9
147034,13,San Martin Caballero,16600,9
147035,13,Tepeyeca,16600,9
147036,13,La Pe�a,16500,9
147037,13,Ocotetitla,16450,9
147038,13,Tejomulco El Alto,16450,9
147039,13,Tizilingo,16450,9
147040,13,Jazmin,16428,9
147041,13,Lomas De Tonalco,16410,9
147042,13,Manantiales,16400,9
147043,13,Panoramica,16410,9
147044,13,San Lorenzo Atemoaya 25,16400,9
147045,13,Xochimilco,16300,9
147046,13,San Andres Ahuayucan,16810,9
147047,13,Tesmic,16340,9
147048,13,Dif,16400,9
147049,13,San Lorenzo Atemoaya,16400,9
147050,13,Cuamezoc,16450,9
147051,13,Joya De Vargas,16450,9
147052,13,Nativitas La Joya,16450,9
147053,13,San Lorenzo Los Olivos,16450,9
147054,13,Tepipilli,16450,9
147055,13,Tiziclipa,16450,9
147056,13,Xocotitla,16450,9
147057,13,Zacapa 2,16880,9
147058,13,2A Seccion Del Mirador,16810,9
147059,13,Duraznotitla,16800,9
147060,13,El Arenal,16800,9
147061,13,Piedras Anchas,16800,9
147062,13,San Mateo Xalpa,16800,9
147063,13,Santiaguito Xochitenco 1,16800,9
147064,13,Tepexomulco El Alto,16800,9
147065,13,Tepexomulco El Bajo,16800,9
147066,13,Xochitenco,16800,9
147067,13,Zomaco,16800,9
147068,13,San Jose Zacatepec,16800,9
147069,13,Tlachupilco,16800,9
147070,13,Cerro Grande,16310,9
147071,13,Colexco,16810,9
147072,13,Mixica,16800,9
147073,13,Herradura De Huitepec,16810,9
147074,13,Los Cipreses Tototitla 1A Seccion,16880,9
147075,13,Nueva Tototitla,16880,9
147076,13,Cuartostitla,16880,9
147077,13,Malvinas Primero,16880,9
147078,13,Malvinas Segundo,16880,9
147079,13,Olluca,16880,9
147080,13,Paraje El Corral,16810,9
147081,13,Paraje Telhuehueyacan,12250,9
147082,13,Paraje Tepepatlatle Colonia El Cedro,16890,9
147083,13,Paraje Tlaquexpa,16880,9
147084,13,San Francisco Tlalnepantla,16900,9
147085,13,Tehuistitla,16880,9
147086,13,Tepuentitla,16900,9
147087,13,Tlachiultepec,16880,9
147088,13,Santa Cruz Chavarrieta,16800,9
147089,13,Tlahuistitla,16800,9
147090,13,Tlaltepetla,16800,9
147091,13,Xaltongo,16800,9
147092,13,Cuicuilco,16300,9
147093,13,Joyas De Guadalupe,16725,9
147094,13,San Juan De Los Lagos (Pepelaxtla),16725,9
147095,13,San Juan De Los Lagos(Tezontitla),16869,9
147096,13,Tepozanes,16900,9
147097,7,Sierra Del Valle,09730,9
147098,7,Santa Maria Aztahuacan V,09640,9
147099,7,2A Ampliacion Santiago Acahualtepec,09609,9
147100,7,San Miguel Teotongo,09630,9
147101,7,Rebeca Ii,09609,9
147102,7,Miguel De La Madrid Hurtado,09698,9
147103,7,Ixtlahuacan,09690,9
147104,7,Nueva Santa Cruz,09730,9
147105,7,Tenorios,09680,9
147106,7,Lomas De La Estancia,09640,9
147107,7,Ampliacion Emiliano Zapata,09638,9
147108,7,Las Minas,09670,9
147109,7,Unidad Diasa,09690,9
147110,7,Campestre Potrero,09637,9
147111,7,Predio Cuapiaxco,09637,9
147112,7,Predio Tecpinco,09637,9
147113,7,San Francisco Apolocalco,09637,9
147114,7,Emiliano Aguilar Garces,09637,9
147115,7,Miguel De La Madrid Ii,09637,9
147116,7,Palmillas,09637,9
147117,7,Huitzico,09637,9
147118,7,La Poblanita,09637,9
147119,7,Lomas Del Pedregal,09696,9
147120,7,El Rodadero,09640,9
147121,7,Lomas Del Paraiso,09640,9
147122,7,Potrero De La Luna,09640,9
147123,7,San Pablo I Y Ii,09648,9
147124,7,San Pablo V,09640,9
147125,7,Barrancas De Guadalupe,09700,9
147126,7,Lomas De Buenavista,09700,9
147127,7,Arboledas Zafiro,09708,9
147128,7,Tejocotes,09700,9
147129,7,Violeta Arboledas,09708,9
147130,7,San Jose Buenavista,09700,9
147131,7,Parajes Buenavista (Tetecon),09700,9
147132,7,Predio Degollado,09700,9
147133,7,Predio San Pedro Y San Pablo,09700,9
147134,7,Predio Xaltepec,09700,9
147135,7,Buenavista Sierra De Sta Catarina,09700,9
147136,7,Predio Bonampak,09700,9
147137,7,Predio San Rafael,09700,9
147138,7,Cuchilla La Magueyera,09700,9
147139,7,Degollado,09700,9
147140,7,Degollado Chico,09700,9
147141,7,Degollado-Mexicatlalli,09700,9
147142,7,La Magueyera I,09700,9
147143,7,La Magueyera II,09700,9